index,address_id,address,address2,district,city_id,postal_code,phone,last_update
0,1,47 MySakila Drive,, ,300,, ,2019-04-11 18:11:48
1,2,28 MySQL Boulevard,, ,576,, ,2019-04-11 18:11:48
2,3,23 Workhaven Lane,, ,300,, ,2019-04-11 18:11:48
3,4,1411 Lillydale Drive,, ,576,, ,2019-04-11 18:11:48
4,5,1913 Hanoi Way,, ,463,35200, ,2019-04-11 18:11:48
5,6,1121 Loja Avenue,, ,449,17886, ,2019-04-11 18:11:48
6,7,692 Joliet Street,, ,38,83579, ,2019-04-11 18:11:48
7,8,1566 Inegl Manor,, ,349,53561, ,2019-04-11 18:11:48
8,9,53 Idfu Parkway,, ,361,42399, ,2019-04-11 18:11:48
9,10,1795 Santiago de Compostela Way,, ,295,18743, ,2019-04-11 18:11:48
10,11,900 Santiago de Compostela Parkway,, ,280,93896, ,2019-04-11 18:11:48
11,12,478 Joliet Way,, ,200,77948, ,2019-04-11 18:11:48
12,13,613 Korolev Drive,, ,329,45844, ,2019-04-11 18:11:48
13,14,1531 Sal Drive,, ,162,53628, ,2019-04-11 18:11:48
14,15,1542 Tarlac Parkway,, ,440,1027, ,2019-04-11 18:11:48
15,16,808 Bhopal Manor,, ,582,10672, ,2019-04-11 18:11:48
16,17,270 Amroha Parkway,, ,384,29610, ,2019-04-11 18:11:48
17,18,770 Bydgoszcz Avenue,, ,120,16266, ,2019-04-11 18:11:48
18,19,419 Iligan Lane,, ,76,72878, ,2019-04-11 18:11:48
19,20,360 Toulouse Parkway,, ,495,54308, ,2019-04-11 18:11:48
20,21,270 Toulon Boulevard,, ,156,81766, ,2019-04-11 18:11:48
21,22,320 Brest Avenue,, ,252,43331, ,2019-04-11 18:11:48
22,23,1417 Lancaster Avenue,, ,267,72192, ,2019-04-11 18:11:48
23,24,1688 Okara Way,, ,327,21954, ,2019-04-11 18:11:48
24,25,262 A Corua (La Corua) Parkway,, ,525,34418, ,2019-04-11 18:11:48
25,26,28 Charlotte Amalie Street,, ,443,37551, ,2019-04-11 18:11:48
26,27,1780 Hino Boulevard,, ,303,7716, ,2019-04-11 18:11:48
27,28,96 Tafuna Way,, ,128,99865, ,2019-04-11 18:11:48
28,29,934 San Felipe de Puerto Plata Street,, ,472,99780, ,2019-04-11 18:11:48
29,30,18 Duisburg Boulevard,, ,121,58327, ,2019-04-11 18:11:48
30,31,217 Botshabelo Place,, ,138,49521, ,2019-04-11 18:11:48
31,32,1425 Shikarpur Manor,, ,346,65599, ,2019-04-11 18:11:48
32,33,786 Aurora Avenue,, ,474,65750, ,2019-04-11 18:11:48
33,34,1668 Anpolis Street,, ,316,50199, ,2019-04-11 18:11:48
34,35,33 Gorontalo Way,, ,257,30348, ,2019-04-11 18:11:48
35,36,176 Mandaluyong Place,, ,239,65213, ,2019-04-11 18:11:48
36,37,127 Purnea (Purnia) Manor,, ,17,79388, ,2019-04-11 18:11:48
37,38,61 Tama Street,, ,284,94065, ,2019-04-11 18:11:48
38,39,391 Callao Drive,, ,544,34021, ,2019-04-11 18:11:48
39,40,334 Munger (Monghyr) Lane,, ,31,38145, ,2019-04-11 18:11:48
40,41,1440 Fukuyama Loop,, ,362,47929, ,2019-04-11 18:11:48
41,42,269 Cam Ranh Parkway,, ,115,34689, ,2019-04-11 18:11:48
42,43,306 Antofagasta Place,, ,569,3989, ,2019-04-11 18:11:48
43,44,671 Graz Street,, ,353,94399, ,2019-04-11 18:11:48
44,45,42 Brindisi Place,, ,586,16744, ,2019-04-11 18:11:48
45,46,1632 Bislig Avenue,, ,394,61117, ,2019-04-11 18:11:48
46,47,1447 Imus Way,, ,167,48942, ,2019-04-11 18:11:48
47,48,1998 Halifax Drive,, ,308,76022, ,2019-04-11 18:11:48
48,49,1718 Valencia Street,, ,27,37359, ,2019-04-11 18:11:48
49,50,46 Pjatigorsk Lane,, ,343,23616, ,2019-04-11 18:11:48
50,51,686 Garland Manor,, ,247,52535, ,2019-04-11 18:11:48
51,52,909 Garland Manor,, ,367,69367, ,2019-04-11 18:11:48
52,53,725 Isesaki Place,, ,237,74428, ,2019-04-11 18:11:48
53,54,115 Hidalgo Parkway,, ,379,80168, ,2019-04-11 18:11:48
54,55,1135 Izumisano Parkway,, ,171,48150, ,2019-04-11 18:11:48
55,56,939 Probolinggo Loop,, ,1,4166, ,2019-04-11 18:11:48
56,57,17 Kabul Boulevard,, ,355,38594, ,2019-04-11 18:11:48
57,58,1964 Allappuzha (Alleppey) Street,, ,227,48980, ,2019-04-11 18:11:48
58,59,1697 Kowloon and New Kowloon Loop,, ,49,57807, ,2019-04-11 18:11:48
59,60,1668 Saint Louis Place,, ,397,39072, ,2019-04-11 18:11:48
60,61,943 Tokat Street,, ,560,45428, ,2019-04-11 18:11:48
61,62,1114 Liepaja Street,, ,282,69226, ,2019-04-11 18:11:48
62,63,1213 Ranchi Parkway,, ,350,94352, ,2019-04-11 18:11:48
63,64,81 Hodeida Way,, ,231,55561, ,2019-04-11 18:11:48
64,65,915 Ponce Place,, ,56,83980, ,2019-04-11 18:11:48
65,66,1717 Guadalajara Lane,, ,441,85505, ,2019-04-11 18:11:48
66,67,1214 Hanoi Way,, ,306,67055, ,2019-04-11 18:11:48
67,68,1966 Amroha Avenue,, ,139,70385, ,2019-04-11 18:11:48
68,69,698 Otsu Street,, ,105,71110, ,2019-04-11 18:11:48
69,70,1150 Kimchon Manor,, ,321,96109, ,2019-04-11 18:11:48
70,71,1586 Guaruj Place,, ,579,5135, ,2019-04-11 18:11:48
71,72,57 Arlington Manor,, ,475,48960, ,2019-04-11 18:11:48
72,73,1031 Daugavpils Parkway,, ,63,59025, ,2019-04-11 18:11:48
73,74,1124 Buenaventura Drive,, ,13,6856, ,2019-04-11 18:11:48
74,75,492 Cam Ranh Street,, ,61,50805, ,2019-04-11 18:11:48
75,76,89 Allappuzha (Alleppey) Manor,, ,517,75444, ,2019-04-11 18:11:48
76,77,1947 Poos de Caldas Boulevard,, ,114,60951, ,2019-04-11 18:11:48
77,78,1206 Dos Quebradas Place,, ,431,20207, ,2019-04-11 18:11:48
78,79,1551 Rampur Lane,, ,108,72394, ,2019-04-11 18:11:48
79,80,602 Paarl Street,, ,402,98889, ,2019-04-11 18:11:48
80,81,1692 Ede Loop,, ,30,9223, ,2019-04-11 18:11:48
81,82,936 Salzburg Lane,, ,425,96709, ,2019-04-11 18:11:48
82,83,586 Tete Way,, ,256,1079, ,2019-04-11 18:11:48
83,84,1888 Kabul Drive,, ,217,20936, ,2019-04-11 18:11:48
84,85,320 Baiyin Parkway,, ,319,37307, ,2019-04-11 18:11:48
85,86,927 Baha Blanca Parkway,, ,479,9495, ,2019-04-11 18:11:48
86,87,929 Tallahassee Loop,, ,497,74671, ,2019-04-11 18:11:48
87,88,125 Citt del Vaticano Boulevard,, ,40,67912, ,2019-04-11 18:11:48
88,89,1557 Ktahya Boulevard,, ,88,88002, ,2019-04-11 18:11:48
89,90,870 Ashqelon Loop,, ,489,84931, ,2019-04-11 18:11:48
90,91,1740 Portoviejo Avenue,, ,480,29932, ,2019-04-11 18:11:48
91,92,1942 Ciparay Parkway,, ,113,82624, ,2019-04-11 18:11:48
92,93,1926 El Alto Avenue,, ,289,75543, ,2019-04-11 18:11:48
93,94,1952 Chatsworth Drive,, ,332,25958, ,2019-04-11 18:11:48
94,95,1370 Le Mans Avenue,, ,53,52163, ,2019-04-11 18:11:48
95,96,984 Effon-Alaiye Avenue,, ,183,17119, ,2019-04-11 18:11:48
96,97,832 Nakhon Sawan Manor,, ,592,49021, ,2019-04-11 18:11:48
97,98,152 Kitwe Parkway,, ,82,53182, ,2019-04-11 18:11:48
98,99,1697 Tanauan Lane,, ,399,22870, ,2019-04-11 18:11:48
99,100,1308 Arecibo Way,, ,41,30695, ,2019-04-11 18:11:48
100,101,1599 Plock Drive,, ,534,71986, ,2019-04-11 18:11:48
101,102,669 Firozabad Loop,, ,12,92265, ,2019-04-11 18:11:48
102,103,588 Vila Velha Manor,, ,268,51540, ,2019-04-11 18:11:48
103,104,1913 Kamakura Place,, ,238,97287, ,2019-04-11 18:11:48
104,105,733 Mandaluyong Place,, ,2,77459, ,2019-04-11 18:11:48
105,106,659 Vaduz Drive,, ,34,49708, ,2019-04-11 18:11:48
106,107,1177 Jelets Way,, ,220,3305, ,2019-04-11 18:11:48
107,108,1386 Yangor Avenue,, ,543,80720, ,2019-04-11 18:11:48
108,109,454 Nakhon Sawan Boulevard,, ,173,76383, ,2019-04-11 18:11:48
109,110,1867 San Juan Bautista Tuxtepec Avenue,, ,225,78311, ,2019-04-11 18:11:48
110,111,1532 Dzerzinsk Way,, ,334,9599, ,2019-04-11 18:11:48
111,112,1002 Ahmadnagar Manor,, ,213,93026, ,2019-04-11 18:11:48
112,113,682 Junan Way,, ,273,30418, ,2019-04-11 18:11:48
113,114,804 Elista Drive,, ,159,61069, ,2019-04-11 18:11:48
114,115,1378 Alvorada Avenue,, ,102,75834, ,2019-04-11 18:11:48
115,116,793 Cam Ranh Avenue,, ,292,87057, ,2019-04-11 18:11:48
116,117,1079 Tel Aviv-Jaffa Boulevard,, ,132,10885, ,2019-04-11 18:11:48
117,118,442 Rae Bareli Place,, ,148,24321, ,2019-04-11 18:11:48
118,119,1107 Nakhon Sawan Avenue,, ,365,75149, ,2019-04-11 18:11:48
119,120,544 Malm Parkway,, ,403,63502, ,2019-04-11 18:11:48
120,121,1967 Sincelejo Place,, ,176,73644, ,2019-04-11 18:11:48
121,122,333 Goinia Way,, ,185,78625, ,2019-04-11 18:11:48
122,123,1987 Coacalco de Berriozbal Loop,, ,476,96065, ,2019-04-11 18:11:48
123,124,241 Mosul Lane,, ,147,76157, ,2019-04-11 18:11:48
124,125,211 Chiayi Drive,, ,164,58186, ,2019-04-11 18:11:48
125,126,1175 Tanauan Way,, ,305,64615, ,2019-04-11 18:11:48
126,127,117 Boa Vista Way,, ,566,6804, ,2019-04-11 18:11:48
127,128,848 Tafuna Manor,, ,281,45142, ,2019-04-11 18:11:48
128,129,569 Baicheng Lane,, ,85,60304, ,2019-04-11 18:11:48
129,130,1666 Qomsheh Drive,, ,410,66255, ,2019-04-11 18:11:48
130,131,801 Hagonoy Drive,, ,484,8439, ,2019-04-11 18:11:48
131,132,1050 Garden Grove Avenue,, ,236,4999, ,2019-04-11 18:11:48
132,133,1854 Tieli Street,, ,302,15819, ,2019-04-11 18:11:48
133,134,758 Junan Lane,, ,190,82639, ,2019-04-11 18:11:48
134,135,1752 So Leopoldo Parkway,, ,345,14014, ,2019-04-11 18:11:48
135,136,898 Belm Manor,, ,87,49757, ,2019-04-11 18:11:48
136,137,261 Saint Louis Way,, ,541,83401, ,2019-04-11 18:11:48
137,138,765 Southampton Drive,, ,421,4285, ,2019-04-11 18:11:48
138,139,943 Johannesburg Avenue,, ,417,5892, ,2019-04-11 18:11:48
139,140,788 Atinsk Street,, ,211,81691, ,2019-04-11 18:11:48
140,141,1749 Daxian Place,, ,29,11044, ,2019-04-11 18:11:48
141,142,1587 Sullana Lane,, ,207,85769, ,2019-04-11 18:11:48
142,143,1029 Dzerzinsk Manor,, ,542,57519, ,2019-04-11 18:11:48
143,144,1666 Beni-Mellal Place,, ,123,13377, ,2019-04-11 18:11:48
144,145,928 Jaffna Loop,, ,172,93762, ,2019-04-11 18:11:48
145,146,483 Ljubertsy Parkway,, ,149,60562, ,2019-04-11 18:11:48
146,147,374 Bat Yam Boulevard,, ,266,97700, ,2019-04-11 18:11:48
147,148,1027 Songkhla Manor,, ,340,30861, ,2019-04-11 18:11:48
148,149,999 Sanaa Loop,, ,491,3439, ,2019-04-11 18:11:48
149,150,879 Newcastle Way,, ,499,90732, ,2019-04-11 18:11:48
150,151,1337 Lincoln Parkway,, ,555,99457, ,2019-04-11 18:11:48
151,152,1952 Pune Lane,, ,442,92150, ,2019-04-11 18:11:48
152,153,782 Mosul Street,, ,94,25545, ,2019-04-11 18:11:48
153,154,781 Shimonoseki Drive,, ,202,95444, ,2019-04-11 18:11:48
154,155,1560 Jelets Boulevard,, ,291,77777, ,2019-04-11 18:11:48
155,156,1963 Moscow Place,, ,354,64863, ,2019-04-11 18:11:48
156,157,456 Escobar Way,, ,232,36061, ,2019-04-11 18:11:48
157,158,798 Cianjur Avenue,, ,590,76990, ,2019-04-11 18:11:48
158,159,185 Novi Sad Place,, ,72,41778, ,2019-04-11 18:11:48
159,160,1367 Yantai Manor,, ,381,21294, ,2019-04-11 18:11:48
160,161,1386 Nakhon Sawan Boulevard,, ,420,53502, ,2019-04-11 18:11:48
161,162,369 Papeete Way,, ,187,66639, ,2019-04-11 18:11:48
162,163,1440 Compton Place,, ,307,81037, ,2019-04-11 18:11:48
163,164,1623 Baha Blanca Manor,, ,310,81511, ,2019-04-11 18:11:48
164,165,97 Shimoga Avenue,, ,533,44660, ,2019-04-11 18:11:48
165,166,1740 Le Mans Loop,, ,297,22853, ,2019-04-11 18:11:48
166,167,1287 Xiangfan Boulevard,, ,253,57844, ,2019-04-11 18:11:48
167,168,842 Salzburg Lane,, ,529,3313, ,2019-04-11 18:11:48
168,169,154 Tallahassee Loop,, ,199,62250, ,2019-04-11 18:11:48
169,170,710 San Felipe del Progreso Avenue,, ,304,76901, ,2019-04-11 18:11:48
170,171,1540 Wroclaw Drive,, ,107,62686, ,2019-04-11 18:11:48
171,172,475 Atinsk Way,, ,240,59571, ,2019-04-11 18:11:48
172,173,1294 Firozabad Drive,, ,407,70618, ,2019-04-11 18:11:48
173,174,1877 Ezhou Lane,, ,550,63337, ,2019-04-11 18:11:48
174,175,316 Uruapan Street,, ,223,58194, ,2019-04-11 18:11:48
175,176,29 Pyongyang Loop,, ,58,47753, ,2019-04-11 18:11:48
176,177,1010 Klerksdorp Way,, ,186,6802, ,2019-04-11 18:11:48
177,178,1848 Salala Boulevard,, ,373,25220, ,2019-04-11 18:11:48
178,179,431 Xiangtan Avenue,, ,18,4854, ,2019-04-11 18:11:48
179,180,757 Rustenburg Avenue,, ,483,89668, ,2019-04-11 18:11:48
180,181,146 Johannesburg Way,, ,330,54132, ,2019-04-11 18:11:48
181,182,1891 Rizhao Boulevard,, ,456,47288, ,2019-04-11 18:11:48
182,183,1089 Iwatsuki Avenue,, ,270,35109, ,2019-04-11 18:11:48
183,184,1410 Benin City Parkway,, ,405,29747, ,2019-04-11 18:11:48
184,185,682 Garden Grove Place,, ,333,67497, ,2019-04-11 18:11:48
185,186,533 al-Ayn Boulevard,, ,126,8862, ,2019-04-11 18:11:48
186,187,1839 Szkesfehrvr Parkway,, ,317,55709, ,2019-04-11 18:11:48
187,188,741 Ambattur Manor,, ,438,43310, ,2019-04-11 18:11:48
188,189,927 Barcelona Street,, ,467,65121, ,2019-04-11 18:11:48
189,190,435 0 Way,, ,195,74750, ,2019-04-11 18:11:48
190,191,140 Chiayi Parkway,, ,506,38982, ,2019-04-11 18:11:48
191,192,1166 Changhwa Street,, ,62,58852, ,2019-04-11 18:11:48
192,193,891 Novi Sad Manor,, ,383,5379, ,2019-04-11 18:11:48
193,194,605 Rio Claro Parkway,, ,513,49348, ,2019-04-11 18:11:48
194,195,1077 San Felipe de Puerto Plata Place,, ,369,65387, ,2019-04-11 18:11:48
195,196,9 San Miguel de Tucumn Manor,, ,169,90845, ,2019-04-11 18:11:48
196,197,447 Surakarta Loop,, ,271,10428, ,2019-04-11 18:11:48
197,198,345 Oshawa Boulevard,, ,204,32114, ,2019-04-11 18:11:48
198,199,1792 Valle de la Pascua Place,, ,477,15540, ,2019-04-11 18:11:48
199,200,1074 Binzhou Manor,, ,325,36490, ,2019-04-11 18:11:48
200,201,817 Bradford Loop,, ,109,89459, ,2019-04-11 18:11:48
201,202,955 Bamenda Way,, ,218,1545, ,2019-04-11 18:11:48
202,203,1149 A Corua (La Corua) Boulevard,, ,194,95824, ,2019-04-11 18:11:48
203,204,387 Mwene-Ditu Drive,, ,35,8073, ,2019-04-11 18:11:48
204,205,68 Molodetno Manor,, ,575,4662, ,2019-04-11 18:11:48
205,206,642 Nador Drive,, ,77,3924, ,2019-04-11 18:11:48
206,207,1688 Nador Lane,, ,184,61613, ,2019-04-11 18:11:48
207,208,1215 Pyongyang Parkway,, ,557,25238, ,2019-04-11 18:11:48
208,209,1679 Antofagasta Street,, ,122,86599, ,2019-04-11 18:11:48
209,210,1304 s-Hertogenbosch Way,, ,83,10925, ,2019-04-11 18:11:48
210,211,850 Salala Loop,, ,371,10800, ,2019-04-11 18:11:48
211,212,624 Oshawa Boulevard,, ,51,89959, ,2019-04-11 18:11:48
212,213,43 Dadu Avenue,, ,74,4855, ,2019-04-11 18:11:48
213,214,751 Lima Loop,, ,7,99405, ,2019-04-11 18:11:48
214,215,1333 Haldia Street,, ,174,82161, ,2019-04-11 18:11:48
215,216,660 Jedda Boulevard,, ,65,25053, ,2019-04-11 18:11:48
216,217,1001 Miyakonojo Lane,, ,518,67924, ,2019-04-11 18:11:48
217,218,226 Brest Manor,, ,508,2299, ,2019-04-11 18:11:48
218,219,1229 Valencia Parkway,, ,498,99124, ,2019-04-11 18:11:48
219,220,1201 Qomsheh Manor,, ,28,21464, ,2019-04-11 18:11:48
220,221,866 Shivapuri Manor,, ,448,22474, ,2019-04-11 18:11:48
221,222,1168 Najafabad Parkway,, ,251,40301, ,2019-04-11 18:11:48
222,223,1244 Allappuzha (Alleppey) Place,, ,567,20657, ,2019-04-11 18:11:48
223,224,1842 Luzinia Boulevard,, ,593,94420, ,2019-04-11 18:11:48
224,225,1926 Gingoog Street,, ,511,22824, ,2019-04-11 18:11:48
225,226,810 Palghat (Palakkad) Boulevard,, ,235,73431, ,2019-04-11 18:11:48
226,227,1820 Maring Parkway,, ,324,88307, ,2019-04-11 18:11:48
227,228,60 Poos de Caldas Street,, ,243,82338, ,2019-04-11 18:11:48
228,229,1014 Loja Manor,, ,22,66851, ,2019-04-11 18:11:48
229,230,201 Effon-Alaiye Way,, ,37,64344, ,2019-04-11 18:11:48
230,231,430 Alessandria Loop,, ,439,47446, ,2019-04-11 18:11:48
231,232,754 Valencia Place,, ,406,87911, ,2019-04-11 18:11:48
232,233,356 Olomouc Manor,, ,26,93323, ,2019-04-11 18:11:48
233,234,1256 Bislig Boulevard,, ,86,50598, ,2019-04-11 18:11:48
234,235,954 Kimchon Place,, ,559,42420, ,2019-04-11 18:11:48
235,236,885 Yingkou Manor,, ,596,31390, ,2019-04-11 18:11:48
236,237,1736 Cavite Place,, ,216,98775, ,2019-04-11 18:11:48
237,238,346 Skikda Parkway,, ,233,90628, ,2019-04-11 18:11:48
238,239,98 Stara Zagora Boulevard,, ,96,76448, ,2019-04-11 18:11:48
239,240,1479 Rustenburg Boulevard,, ,527,18727, ,2019-04-11 18:11:48
240,241,647 A Corua (La Corua) Street,, ,357,36971, ,2019-04-11 18:11:48
241,242,1964 Gijn Manor,, ,473,14408, ,2019-04-11 18:11:48
242,243,47 Syktyvkar Lane,, ,118,22236, ,2019-04-11 18:11:48
243,244,1148 Saarbrcken Parkway,, ,226,1921, ,2019-04-11 18:11:48
244,245,1103 Bilbays Parkway,, ,578,87660, ,2019-04-11 18:11:48
245,246,1246 Boksburg Parkway,, ,422,28349, ,2019-04-11 18:11:48
246,247,1483 Pathankot Street,, ,454,37288, ,2019-04-11 18:11:48
247,248,582 Papeete Loop,, ,294,27722, ,2019-04-11 18:11:48
248,249,300 Junan Street,, ,553,81314, ,2019-04-11 18:11:48
249,250,829 Grand Prairie Way,, ,328,6461, ,2019-04-11 18:11:48
250,251,1473 Changhwa Parkway,, ,124,75933, ,2019-04-11 18:11:48
251,252,1309 Weifang Street,, ,520,57338, ,2019-04-11 18:11:48
252,253,1760 Oshawa Manor,, ,535,38140, ,2019-04-11 18:11:48
253,254,786 Stara Zagora Way,, ,390,98332, ,2019-04-11 18:11:48
254,255,1966 Tonghae Street,, ,198,36481, ,2019-04-11 18:11:48
255,256,1497 Yuzhou Drive,, ,312,3433, ,2019-04-11 18:11:48
256,258,752 Ondo Loop,, ,338,32474, ,2019-04-11 18:11:48
257,259,1338 Zalantun Lane,, ,413,45403, ,2019-04-11 18:11:48
258,260,127 Iwakuni Boulevard,, ,192,20777, ,2019-04-11 18:11:48
259,261,51 Laredo Avenue,, ,342,68146, ,2019-04-11 18:11:48
260,262,771 Yaound Manor,, ,64,86768, ,2019-04-11 18:11:48
261,263,532 Toulon Street,, ,460,69517, ,2019-04-11 18:11:48
262,264,1027 Banjul Place,, ,197,50390, ,2019-04-11 18:11:48
263,265,1158 Mandi Bahauddin Parkway,, ,136,98484, ,2019-04-11 18:11:48
264,266,862 Xintai Lane,, ,548,30065, ,2019-04-11 18:11:48
265,267,816 Cayenne Parkway,, ,414,93629, ,2019-04-11 18:11:48
266,268,1831 Nam Dinh Loop,, ,323,51990, ,2019-04-11 18:11:48
267,269,446 Kirovo-Tepetsk Lane,, ,203,19428, ,2019-04-11 18:11:48
268,270,682 Halisahar Place,, ,378,20536, ,2019-04-11 18:11:48
269,271,1587 Loja Manor,, ,447,5410, ,2019-04-11 18:11:48
270,272,1762 Paarl Parkway,, ,298,53928, ,2019-04-11 18:11:48
271,273,1519 Ilorin Place,, ,395,49298, ,2019-04-11 18:11:48
272,274,920 Kumbakonam Loop,, ,446,75090, ,2019-04-11 18:11:48
273,275,906 Goinia Way,, ,255,83565, ,2019-04-11 18:11:48
274,276,1675 Xiangfan Manor,, ,283,11763, ,2019-04-11 18:11:48
275,277,85 San Felipe de Puerto Plata Drive,, ,584,46063, ,2019-04-11 18:11:48
276,278,144 South Hill Loop,, ,445,2012, ,2019-04-11 18:11:48
277,279,1884 Shikarpur Avenue,, ,263,85548, ,2019-04-11 18:11:48
278,280,1980 Kamjanets-Podilskyi Street,, ,404,89502, ,2019-04-11 18:11:48
279,281,1944 Bamenda Way,, ,573,24645, ,2019-04-11 18:11:48
280,282,556 Baybay Manor,, ,374,55802, ,2019-04-11 18:11:48
281,283,457 Tongliao Loop,, ,222,56254, ,2019-04-11 18:11:48
282,284,600 Bradford Street,, ,514,96204, ,2019-04-11 18:11:48
283,285,1006 Santa Brbara dOeste Manor,, ,389,36229, ,2019-04-11 18:11:48
284,286,1308 Sumy Loop,, ,175,30657, ,2019-04-11 18:11:48
285,287,1405 Chisinau Place,, ,411,8160, ,2019-04-11 18:11:48
286,288,226 Halifax Street,, ,277,58492, ,2019-04-11 18:11:48
287,289,1279 Udine Parkway,, ,69,75860, ,2019-04-11 18:11:48
288,290,1336 Benin City Drive,, ,386,46044, ,2019-04-11 18:11:48
289,291,1155 Liaocheng Place,, ,152,22650, ,2019-04-11 18:11:48
290,292,1993 Tabuk Lane,, ,522,64221, ,2019-04-11 18:11:48
291,293,86 Higashiosaka Lane,, ,563,33768, ,2019-04-11 18:11:48
292,294,1912 Allende Manor,, ,279,58124, ,2019-04-11 18:11:48
293,295,544 Tarsus Boulevard,, ,562,53145, ,2019-04-11 18:11:48
294,296,1936 Cuman Avenue,, ,433,61195, ,2019-04-11 18:11:48
295,297,1192 Tongliao Street,, ,470,19065, ,2019-04-11 18:11:48
296,298,44 Najafabad Way,, ,146,61391, ,2019-04-11 18:11:48
297,299,32 Pudukkottai Lane,, ,140,38834, ,2019-04-11 18:11:48
298,300,661 Chisinau Lane,, ,274,8856, ,2019-04-11 18:11:48
299,301,951 Stara Zagora Manor,, ,400,98573, ,2019-04-11 18:11:48
300,302,922 Vila Velha Loop,, ,9,4085, ,2019-04-11 18:11:48
301,303,898 Jining Lane,, ,387,40070, ,2019-04-11 18:11:48
302,304,1635 Kuwana Boulevard,, ,205,52137, ,2019-04-11 18:11:48
303,305,41 El Alto Parkway,, ,398,56883, ,2019-04-11 18:11:48
304,306,1883 Maikop Lane,, ,254,68469, ,2019-04-11 18:11:48
305,307,1908 Gaziantep Place,, ,536,58979, ,2019-04-11 18:11:48
306,308,687 Alessandria Parkway,, ,455,57587, ,2019-04-11 18:11:48
307,309,827 Yuncheng Drive,, ,99,79047, ,2019-04-11 18:11:48
308,310,913 Coacalco de Berriozbal Loop,, ,33,42141, ,2019-04-11 18:11:48
309,311,715 So Bernardo do Campo Lane,, ,507,84804, ,2019-04-11 18:11:48
310,312,1354 Siegen Street,, ,25,80184, ,2019-04-11 18:11:48
311,313,1191 Sungai Petani Boulevard,, ,262,9668, ,2019-04-11 18:11:48
312,314,1224 Huejutla de Reyes Boulevard,, ,91,70923, ,2019-04-11 18:11:48
313,315,543 Bergamo Avenue,, ,215,59686, ,2019-04-11 18:11:48
314,316,746 Joliet Lane,, ,286,94878, ,2019-04-11 18:11:48
315,317,780 Kimberley Way,, ,515,17032, ,2019-04-11 18:11:48
316,318,1774 Yaound Place,, ,166,91400, ,2019-04-11 18:11:48
317,319,1957 Yantai Lane,, ,490,59255, ,2019-04-11 18:11:48
318,320,1542 Lubumbashi Boulevard,, ,57,62472, ,2019-04-11 18:11:48
319,321,651 Pathankot Loop,, ,336,59811, ,2019-04-11 18:11:48
320,322,1359 Zhoushan Parkway,, ,545,29763, ,2019-04-11 18:11:48
321,323,1769 Iwaki Lane,, ,97,25787, ,2019-04-11 18:11:48
322,324,1145 Vilnius Manor,, ,451,73170, ,2019-04-11 18:11:48
323,325,1892 Nabereznyje Telny Lane,, ,516,28396, ,2019-04-11 18:11:48
324,326,470 Boksburg Street,, ,81,97960, ,2019-04-11 18:11:48
325,327,1427 A Corua (La Corua) Place,, ,45,85799, ,2019-04-11 18:11:48
326,328,479 San Felipe del Progreso Avenue,, ,130,54949, ,2019-04-11 18:11:48
327,329,867 Benin City Avenue,, ,591,78543, ,2019-04-11 18:11:48
328,330,981 Kumbakonam Place,, ,89,87611, ,2019-04-11 18:11:48
329,331,1016 Iwakuni Street,, ,269,49833, ,2019-04-11 18:11:48
330,332,663 Baha Blanca Parkway,, ,5,33463, ,2019-04-11 18:11:48
331,333,1860 Taguig Loop,, ,119,59550, ,2019-04-11 18:11:48
332,334,1816 Bydgoszcz Loop,, ,234,64308, ,2019-04-11 18:11:48
333,335,587 Benguela Manor,, ,42,91590, ,2019-04-11 18:11:48
334,336,430 Kumbakonam Drive,, ,457,28814, ,2019-04-11 18:11:48
335,337,1838 Tabriz Lane,, ,143,1195, ,2019-04-11 18:11:48
336,338,431 Szkesfehrvr Avenue,, ,48,57828, ,2019-04-11 18:11:48
337,339,503 Sogamoso Loop,, ,505,49812, ,2019-04-11 18:11:48
338,340,507 Smolensk Loop,, ,492,22971, ,2019-04-11 18:11:48
339,341,1920 Weifang Avenue,, ,427,15643, ,2019-04-11 18:11:48
340,342,124 al-Manama Way,, ,382,52368, ,2019-04-11 18:11:48
341,343,1443 Mardan Street,, ,392,31483, ,2019-04-11 18:11:48
342,344,1909 Benguela Lane,, ,581,19913, ,2019-04-11 18:11:48
343,345,68 Ponce Parkway,, ,201,85926, ,2019-04-11 18:11:48
344,346,1217 Konotop Avenue,, ,151,504, ,2019-04-11 18:11:48
345,347,1293 Nam Dinh Way,, ,84,71583, ,2019-04-11 18:11:48
346,348,785 Vaduz Street,, ,335,36170, ,2019-04-11 18:11:48
347,349,1516 Escobar Drive,, ,370,46069, ,2019-04-11 18:11:48
348,350,1628 Nagareyama Lane,, ,453,60079, ,2019-04-11 18:11:48
349,351,1157 Nyeri Loop,, ,320,56380, ,2019-04-11 18:11:48
350,352,1673 Tangail Drive,, ,137,26857, ,2019-04-11 18:11:48
351,353,381 Kabul Way,, ,209,87272, ,2019-04-11 18:11:48
352,354,953 Hodeida Street,, ,221,18841, ,2019-04-11 18:11:48
353,355,469 Nakhon Sawan Street,, ,531,58866, ,2019-04-11 18:11:48
354,356,1378 Beira Loop,, ,597,40792, ,2019-04-11 18:11:48
355,357,1641 Changhwa Place,, ,52,37636, ,2019-04-11 18:11:48
356,358,1698 Southport Loop,, ,393,49009, ,2019-04-11 18:11:48
357,359,519 Nyeri Manor,, ,461,37650, ,2019-04-11 18:11:48
358,360,619 Hunuco Avenue,, ,331,81508, ,2019-04-11 18:11:48
359,361,45 Aparecida de Goinia Place,, ,464,7431, ,2019-04-11 18:11:48
360,362,482 Kowloon and New Kowloon Manor,, ,90,97056, ,2019-04-11 18:11:48
361,363,604 Bern Place,, ,429,5373, ,2019-04-11 18:11:48
362,364,1623 Kingstown Drive,, ,20,91299, ,2019-04-11 18:11:48
363,365,1009 Zanzibar Lane,, ,32,64875, ,2019-04-11 18:11:48
364,366,114 Jalib al-Shuyukh Manor,, ,585,60440, ,2019-04-11 18:11:48
365,367,1163 London Parkway,, ,66,6066, ,2019-04-11 18:11:48
366,368,1658 Jastrzebie-Zdrj Loop,, ,372,96584, ,2019-04-11 18:11:48
367,369,817 Laredo Avenue,, ,188,77449, ,2019-04-11 18:11:48
368,370,1565 Tangail Manor,, ,377,45750, ,2019-04-11 18:11:48
369,371,1912 Emeishan Drive,, ,50,33050, ,2019-04-11 18:11:48
370,372,230 Urawa Drive,, ,8,2738, ,2019-04-11 18:11:48
371,373,1922 Miraj Way,, ,356,13203, ,2019-04-11 18:11:48
372,374,433 Florencia Street,, ,250,91330, ,2019-04-11 18:11:48
373,375,1049 Matamoros Parkway,, ,191,69640, ,2019-04-11 18:11:48
374,376,1061 Ede Avenue,, ,98,57810, ,2019-04-11 18:11:48
375,377,154 Oshawa Manor,, ,415,72771, ,2019-04-11 18:11:48
376,378,1191 Tandil Drive,, ,523,6362, ,2019-04-11 18:11:48
377,379,1133 Rizhao Avenue,, ,572,2800, ,2019-04-11 18:11:48
378,380,1519 Santiago de los Caballeros Loop,, ,348,22025, ,2019-04-11 18:11:48
379,381,1618 Olomouc Manor,, ,285,26385, ,2019-04-11 18:11:48
380,382,220 Hidalgo Drive,, ,265,45298, ,2019-04-11 18:11:48
381,383,686 Donostia-San Sebastin Lane,, ,471,97390, ,2019-04-11 18:11:48
382,384,97 Mogiljov Lane,, ,73,89294, ,2019-04-11 18:11:48
383,385,1642 Charlotte Amalie Drive,, ,549,75442, ,2019-04-11 18:11:48
384,386,1368 Maracabo Boulevard,, ,493,32716, ,2019-04-11 18:11:48
385,387,401 Sucre Boulevard,, ,322,25007, ,2019-04-11 18:11:48
386,388,368 Hunuco Boulevard,, ,360,17165, ,2019-04-11 18:11:48
387,389,500 Lincoln Parkway,, ,210,95509, ,2019-04-11 18:11:48
388,390,102 Chapra Drive,, ,521,14073, ,2019-04-11 18:11:48
389,391,1793 Meixian Place,, ,258,33535, ,2019-04-11 18:11:48
390,392,514 Ife Way,, ,315,69973, ,2019-04-11 18:11:48
391,393,717 Changzhou Lane,, ,104,21615, ,2019-04-11 18:11:48
392,394,753 Ilorin Avenue,, ,157,3656, ,2019-04-11 18:11:48
393,395,1337 Mit Ghamr Avenue,, ,358,29810, ,2019-04-11 18:11:48
394,396,767 Pyongyang Drive,, ,229,83536, ,2019-04-11 18:11:48
395,397,614 Pak Kret Street,, ,6,27796, ,2019-04-11 18:11:48
396,398,954 Lapu-Lapu Way,, ,278,8816, ,2019-04-11 18:11:48
397,399,331 Bydgoszcz Parkway,, ,181,966, ,2019-04-11 18:11:48
398,400,1152 Citrus Heights Manor,, ,15,5239, ,2019-04-11 18:11:48
399,401,168 Cianjur Manor,, ,228,73824, ,2019-04-11 18:11:48
400,402,616 Hagonoy Avenue,, ,39,46043, ,2019-04-11 18:11:48
401,403,1190 0 Place,, ,44,10417, ,2019-04-11 18:11:48
402,404,734 Bchar Place,, ,375,30586, ,2019-04-11 18:11:48
403,405,530 Lausanne Lane,, ,135,11067, ,2019-04-11 18:11:48
404,406,454 Patiala Lane,, ,276,13496, ,2019-04-11 18:11:48
405,407,1346 Mysore Drive,, ,92,61507, ,2019-04-11 18:11:48
406,408,990 Etawah Loop,, ,564,79940, ,2019-04-11 18:11:48
407,409,1266 Laredo Parkway,, ,380,7664, ,2019-04-11 18:11:48
408,410,88 Nagaon Manor,, ,524,86868, ,2019-04-11 18:11:48
409,411,264 Bhimavaram Manor,, ,111,54749, ,2019-04-11 18:11:48
410,412,1639 Saarbrcken Drive,, ,437,9827, ,2019-04-11 18:11:48
411,413,692 Amroha Drive,, ,230,35575, ,2019-04-11 18:11:48
412,414,1936 Lapu-Lapu Parkway,, ,141,7122, ,2019-04-11 18:11:48
413,415,432 Garden Grove Street,, ,430,65630, ,2019-04-11 18:11:48
414,416,1445 Carmen Parkway,, ,117,70809, ,2019-04-11 18:11:48
415,417,791 Salinas Street,, ,208,40509, ,2019-04-11 18:11:48
416,418,126 Acua Parkway,, ,71,58888, ,2019-04-11 18:11:48
417,419,397 Sunnyvale Avenue,, ,19,55566, ,2019-04-11 18:11:48
418,420,992 Klerksdorp Loop,, ,23,33711, ,2019-04-11 18:11:48
419,421,966 Arecibo Loop,, ,134,94018, ,2019-04-11 18:11:48
420,422,289 Santo Andr Manor,, ,16,72410, ,2019-04-11 18:11:48
421,423,437 Chungho Drive,, ,450,59489, ,2019-04-11 18:11:48
422,424,1948 Bayugan Parkway,, ,264,60622, ,2019-04-11 18:11:48
423,425,1866 al-Qatif Avenue,, ,155,89420, ,2019-04-11 18:11:48
424,426,1661 Abha Drive,, ,416,14400, ,2019-04-11 18:11:48
425,427,1557 Cape Coral Parkway,, ,293,46875, ,2019-04-11 18:11:48
426,428,1727 Matamoros Place,, ,465,78813, ,2019-04-11 18:11:48
427,429,1269 Botosani Manor,, ,468,47394, ,2019-04-11 18:11:48
428,430,355 Vitria de Santo Anto Way,, ,452,81758, ,2019-04-11 18:11:48
429,431,1596 Acua Parkway,, ,418,70425, ,2019-04-11 18:11:48
430,432,259 Ipoh Drive,, ,189,64964, ,2019-04-11 18:11:48
431,433,1823 Hoshiarpur Lane,, ,510,33191, ,2019-04-11 18:11:48
432,434,1404 Taguig Drive,, ,547,87212, ,2019-04-11 18:11:48
433,435,740 Udaipur Lane,, ,150,33505, ,2019-04-11 18:11:48
434,436,287 Cuautla Boulevard,, ,501,72736, ,2019-04-11 18:11:48
435,437,1766 Almirante Brown Street,, ,364,63104, ,2019-04-11 18:11:48
436,438,596 Huixquilucan Place,, ,351,65892, ,2019-04-11 18:11:48
437,439,1351 Aparecida de Goinia Parkway,, ,391,41775, ,2019-04-11 18:11:48
438,440,722 Bradford Lane,, ,249,90920, ,2019-04-11 18:11:48
439,441,983 Santa F Way,, ,565,47472, ,2019-04-11 18:11:48
440,442,1245 Ibirit Way,, ,290,40926, ,2019-04-11 18:11:48
441,443,1836 Korla Parkway,, ,272,55405, ,2019-04-11 18:11:48
442,444,231 Kaliningrad Place,, ,70,57833, ,2019-04-11 18:11:48
443,445,495 Bhimavaram Lane,, ,144,3, ,2019-04-11 18:11:48
444,446,1924 Shimonoseki Drive,, ,59,52625, ,2019-04-11 18:11:48
445,447,105 Dzerzinsk Manor,, ,540,48570, ,2019-04-11 18:11:48
446,448,614 Denizli Parkway,, ,486,29444, ,2019-04-11 18:11:48
447,449,1289 Belm Boulevard,, ,530,88306, ,2019-04-11 18:11:48
448,450,203 Tambaram Street,, ,161,73942, ,2019-04-11 18:11:48
449,451,1704 Tambaram Manor,, ,554,2834, ,2019-04-11 18:11:48
450,452,207 Cuernavaca Loop,, ,352,52671, ,2019-04-11 18:11:48
451,453,319 Springs Loop,, ,160,99552, ,2019-04-11 18:11:48
452,454,956 Nam Dinh Manor,, ,481,21872, ,2019-04-11 18:11:48
453,455,1947 Paarl Way,, ,509,23636, ,2019-04-11 18:11:48
454,456,814 Simferopol Loop,, ,154,48745, ,2019-04-11 18:11:48
455,457,535 Ahmadnagar Manor,, ,3,41136, ,2019-04-11 18:11:48
456,458,138 Caracas Boulevard,, ,326,16790, ,2019-04-11 18:11:48
457,459,251 Florencia Drive,, ,556,16119, ,2019-04-11 18:11:48
458,460,659 Gatineau Boulevard,, ,153,28587, ,2019-04-11 18:11:48
459,461,1889 Valparai Way,, ,600,75559, ,2019-04-11 18:11:48
460,462,1485 Bratislava Place,, ,435,83183, ,2019-04-11 18:11:48
461,463,935 Aden Boulevard,, ,532,64709, ,2019-04-11 18:11:48
462,464,76 Kermanshah Manor,, ,423,23343, ,2019-04-11 18:11:48
463,465,734 Tanshui Avenue,, ,170,70664, ,2019-04-11 18:11:48
464,466,118 Jaffna Loop,, ,182,10447, ,2019-04-11 18:11:48
465,467,1621 Tongliao Avenue,, ,558,22173, ,2019-04-11 18:11:48
466,468,1844 Usak Avenue,, ,196,84461, ,2019-04-11 18:11:48
467,469,1872 Toulon Loop,, ,428,7939, ,2019-04-11 18:11:48
468,470,1088 Ibirit Place,, ,595,88502, ,2019-04-11 18:11:48
469,471,1322 Mosul Parkway,, ,145,95400, ,2019-04-11 18:11:48
470,472,1447 Chatsworth Place,, ,129,41545, ,2019-04-11 18:11:48
471,473,1257 Guadalajara Street,, ,78,33599, ,2019-04-11 18:11:48
472,474,1469 Plock Lane,, ,388,95835, ,2019-04-11 18:11:48
473,475,434 Ourense (Orense) Manor,, ,206,14122, ,2019-04-11 18:11:48
474,476,270 Tambaram Parkway,, ,244,9668, ,2019-04-11 18:11:48
475,477,1786 Salinas Place,, ,359,66546, ,2019-04-11 18:11:48
476,478,1078 Stara Zagora Drive,, ,301,69221, ,2019-04-11 18:11:48
477,479,1854 Okara Boulevard,, ,158,42123, ,2019-04-11 18:11:48
478,480,421 Yaound Street,, ,385,11363, ,2019-04-11 18:11:48
479,481,1153 Allende Way,, ,179,20336, ,2019-04-11 18:11:48
480,482,808 Naala-Porto Parkway,, ,500,41060, ,2019-04-11 18:11:48
481,483,632 Usolje-Sibirskoje Parkway,, ,36,73085, ,2019-04-11 18:11:48
482,484,98 Pyongyang Boulevard,, ,11,88749, ,2019-04-11 18:11:48
483,485,984 Novoterkassk Loop,, ,180,28165, ,2019-04-11 18:11:48
484,486,64 Korla Street,, ,347,25145, ,2019-04-11 18:11:48
485,487,1785 So Bernardo do Campo Street,, ,125,71182, ,2019-04-11 18:11:48
486,488,698 Jelets Boulevard,, ,142,2596, ,2019-04-11 18:11:48
487,489,1297 Alvorada Parkway,, ,587,11839, ,2019-04-11 18:11:48
488,490,1909 Dayton Avenue,, ,469,88513, ,2019-04-11 18:11:48
489,491,1789 Saint-Denis Parkway,, ,4,8268, ,2019-04-11 18:11:48
490,492,185 Mannheim Lane,, ,408,23661, ,2019-04-11 18:11:48
491,493,184 Mandaluyong Street,, ,288,94239, ,2019-04-11 18:11:48
492,494,591 Sungai Petani Drive,, ,376,46400, ,2019-04-11 18:11:48
493,495,656 Matamoros Drive,, ,487,19489, ,2019-04-11 18:11:48
494,496,775 ostka Drive,, ,337,22358, ,2019-04-11 18:11:48
495,497,1013 Tabuk Boulevard,, ,261,96203, ,2019-04-11 18:11:48
496,498,319 Plock Parkway,, ,504,26101, ,2019-04-11 18:11:48
497,499,1954 Kowloon and New Kowloon Way,, ,434,63667, ,2019-04-11 18:11:48
498,500,362 Rajkot Lane,, ,47,98030, ,2019-04-11 18:11:48
499,501,1060 Tandil Lane,, ,432,72349, ,2019-04-11 18:11:48
500,502,1515 Korla Way,, ,589,57197, ,2019-04-11 18:11:48
501,503,1416 San Juan Bautista Tuxtepec Avenue,, ,444,50592, ,2019-04-11 18:11:48
502,504,1 Valle de Santiago Avenue,, ,93,86208, ,2019-04-11 18:11:48
503,505,519 Brescia Parkway,, ,318,69504, ,2019-04-11 18:11:48
504,506,414 Mandaluyong Street,, ,314,16370, ,2019-04-11 18:11:48
505,507,1197 Sokoto Boulevard,, ,478,87687, ,2019-04-11 18:11:48
506,508,496 Celaya Drive,, ,552,90797, ,2019-04-11 18:11:48
507,509,786 Matsue Way,, ,245,37469, ,2019-04-11 18:11:48
508,510,48 Maracabo Place,, ,519,1570, ,2019-04-11 18:11:48
509,511,1152 al-Qatif Lane,, ,412,44816, ,2019-04-11 18:11:48
510,512,1269 Ipoh Avenue,, ,163,54674, ,2019-04-11 18:11:48
511,513,758 Korolev Parkway,, ,568,75474, ,2019-04-11 18:11:48
512,514,1747 Rustenburg Place,, ,110,51369, ,2019-04-11 18:11:48
513,515,886 Tonghae Place,, ,259,19450, ,2019-04-11 18:11:48
514,516,1574 Goinia Boulevard,, ,502,39529, ,2019-04-11 18:11:48
515,517,548 Uruapan Street,, ,312,35653, ,2019-04-11 18:11:48
516,519,962 Tama Loop,, ,583,65952, ,2019-04-11 18:11:48
517,520,1778 Gijn Manor,, ,594,35156, ,2019-04-11 18:11:48
518,521,568 Dhule (Dhulia) Loop,, ,127,92568, ,2019-04-11 18:11:48
519,522,1768 Udine Loop,, ,60,32347, ,2019-04-11 18:11:48
520,523,608 Birgunj Parkway,, ,116,400, ,2019-04-11 18:11:48
521,524,680 A Corua (La Corua) Manor,, ,482,49806, ,2019-04-11 18:11:48
522,525,1949 Sanya Street,, ,224,61244, ,2019-04-11 18:11:48
523,526,617 Klerksdorp Place,, ,366,94707, ,2019-04-11 18:11:48
524,527,1993 0 Loop,, ,588,41214, ,2019-04-11 18:11:48
525,528,1176 Southend-on-Sea Manor,, ,458,81651, ,2019-04-11 18:11:48
526,529,600 Purnea (Purnia) Avenue,, ,571,18043, ,2019-04-11 18:11:48
527,530,1003 Qinhuangdao Street,, ,419,25972, ,2019-04-11 18:11:48
528,531,1986 Sivas Place,, ,551,95775, ,2019-04-11 18:11:48
529,532,1427 Tabuk Place,, ,101,31342, ,2019-04-11 18:11:48
530,533,556 Asuncin Way,, ,339,35364, ,2019-04-11 18:11:48
531,534,486 Ondo Parkway,, ,67,35202, ,2019-04-11 18:11:48
532,535,635 Brest Manor,, ,75,40899, ,2019-04-11 18:11:48
533,536,166 Jinchang Street,, ,165,86760, ,2019-04-11 18:11:48
534,537,958 Sagamihara Lane,, ,287,88408, ,2019-04-11 18:11:48
535,538,1817 Livorno Way,, ,100,79401, ,2019-04-11 18:11:48
536,539,1332 Gaziantep Lane,, ,80,22813, ,2019-04-11 18:11:48
537,540,949 Allende Lane,, ,24,67521, ,2019-04-11 18:11:48
538,541,195 Ilorin Street,, ,363,49250, ,2019-04-11 18:11:48
539,542,193 Bhusawal Place,, ,539,9750, ,2019-04-11 18:11:48
540,543,43 Vilnius Manor,, ,42,79814, ,2019-04-11 18:11:48
541,544,183 Haiphong Street,, ,46,69953, ,2019-04-11 18:11:48
542,545,163 Augusta-Richmond County Loop,, ,561,33030, ,2019-04-11 18:11:48
543,546,191 Jos Azueta Parkway,, ,436,13629, ,2019-04-11 18:11:48
544,547,379 Lublin Parkway,, ,309,74568, ,2019-04-11 18:11:48
545,548,1658 Cuman Loop,, ,396,51309, ,2019-04-11 18:11:48
546,549,454 Qinhuangdao Drive,, ,68,25866, ,2019-04-11 18:11:48
547,550,1715 Okayama Street,, ,485,55676, ,2019-04-11 18:11:48
548,551,182 Nukualofa Drive,, ,275,15414, ,2019-04-11 18:11:48
549,552,390 Wroclaw Way,, ,462,5753, ,2019-04-11 18:11:48
550,553,1421 Quilmes Lane,, ,260,19151, ,2019-04-11 18:11:48
551,554,947 Trshavn Place,, ,528,841, ,2019-04-11 18:11:48
552,555,1764 Jalib al-Shuyukh Parkway,, ,459,77642, ,2019-04-11 18:11:48
553,556,346 Cam Ranh Avenue,, ,599,39976, ,2019-04-11 18:11:48
554,557,1407 Pachuca de Soto Place,, ,21,26284, ,2019-04-11 18:11:48
555,558,904 Clarksville Drive,, ,193,52234, ,2019-04-11 18:11:48
556,559,1917 Kumbakonam Parkway,, ,368,11892, ,2019-04-11 18:11:48
557,560,1447 Imus Place,, ,426,12905, ,2019-04-11 18:11:48
558,561,1497 Fengshan Drive,, ,112,63022, ,2019-04-11 18:11:48
559,562,869 Shikarpur Way,, ,496,57380, ,2019-04-11 18:11:48
560,563,1059 Yuncheng Avenue,, ,570,47498, ,2019-04-11 18:11:48
561,564,505 Madiun Boulevard,, ,577,97271, ,2019-04-11 18:11:48
562,565,1741 Hoshiarpur Boulevard,, ,79,22372, ,2019-04-11 18:11:48
563,566,1229 Varanasi (Benares) Manor,, ,43,40195, ,2019-04-11 18:11:48
564,567,1894 Boa Vista Way,, ,178,77464, ,2019-04-11 18:11:48
565,568,1342 Sharja Way,, ,488,93655, ,2019-04-11 18:11:48
566,569,1342 Abha Boulevard,, ,95,10714, ,2019-04-11 18:11:48
567,570,415 Pune Avenue,, ,580,44274, ,2019-04-11 18:11:48
568,571,1746 Faaa Way,, ,214,32515, ,2019-04-11 18:11:48
569,572,539 Hami Way,, ,538,52196, ,2019-04-11 18:11:48
570,573,1407 Surakarta Manor,, ,466,33224, ,2019-04-11 18:11:48
571,574,502 Mandi Bahauddin Parkway,, ,55,15992, ,2019-04-11 18:11:48
572,575,1052 Pathankot Avenue,, ,299,77397, ,2019-04-11 18:11:48
573,576,1351 Sousse Lane,, ,341,37815, ,2019-04-11 18:11:48
574,577,1501 Pangkal Pinang Avenue,, ,409,943, ,2019-04-11 18:11:48
575,578,1405 Hagonoy Avenue,, ,133,86587, ,2019-04-11 18:11:48
576,579,521 San Juan Bautista Tuxtepec Place,, ,598,95093, ,2019-04-11 18:11:48
577,580,923 Tangail Boulevard,, ,10,33384, ,2019-04-11 18:11:48
578,581,186 Skikda Lane,, ,131,89422, ,2019-04-11 18:11:48
579,582,1568 Celaya Parkway,, ,168,34750, ,2019-04-11 18:11:48
580,583,1489 Kakamigahara Lane,, ,526,98883, ,2019-04-11 18:11:48
581,584,1819 Alessandria Loop,, ,103,53829, ,2019-04-11 18:11:48
582,585,1208 Tama Loop,, ,344,73605, ,2019-04-11 18:11:48
583,586,951 Springs Lane,, ,219,96115, ,2019-04-11 18:11:48
584,587,760 Miyakonojo Drive,, ,246,64682, ,2019-04-11 18:11:48
585,588,966 Asuncin Way,, ,212,62703, ,2019-04-11 18:11:48
586,589,1584 Ljubertsy Lane,, ,494,22954, ,2019-04-11 18:11:48
587,590,247 Jining Parkway,, ,54,53446, ,2019-04-11 18:11:48
588,591,773 Dallas Manor,, ,424,12664, ,2019-04-11 18:11:48
589,592,1923 Stara Zagora Lane,, ,546,95179, ,2019-04-11 18:11:48
590,593,1402 Zanzibar Boulevard,, ,106,71102, ,2019-04-11 18:11:48
591,594,1464 Kursk Parkway,, ,574,17381, ,2019-04-11 18:11:48
592,595,1074 Sanaa Parkway,, ,311,22474, ,2019-04-11 18:11:48
593,596,1759 Niznekamsk Avenue,, ,14,39414, ,2019-04-11 18:11:48
594,597,32 Liaocheng Way,, ,248,1944, ,2019-04-11 18:11:48
595,598,42 Fontana Avenue,, ,512,14684, ,2019-04-11 18:11:48
596,599,1895 Zhezqazghan Drive,, ,177,36693, ,2019-04-11 18:11:48
597,600,1837 Kaduna Parkway,, ,241,82580, ,2019-04-11 18:11:48
598,601,844 Bucuresti Place,, ,242,36603, ,2019-04-11 18:11:48
599,602,1101 Bucuresti Boulevard,, ,401,97661, ,2019-04-11 18:11:48
600,603,1103 Quilmes Boulevard,, ,503,52137, ,2019-04-11 18:11:48
601,604,1331 Usak Boulevard,, ,296,61960, ,2019-04-11 18:11:48
602,605,1325 Fukuyama Street,, ,537,27107, ,2019-04-11 18:11:48
