index,film_id,category_id,last_update
0,1,6,2019-04-11 18:11:49
1,2,11,2019-04-11 18:11:49
2,3,6,2019-04-11 18:11:49
3,4,11,2019-04-11 18:11:49
4,5,8,2019-04-11 18:11:49
5,6,9,2019-04-11 18:11:49
6,7,5,2019-04-11 18:11:49
7,8,11,2019-04-11 18:11:49
8,9,11,2019-04-11 18:11:49
9,10,15,2019-04-11 18:11:49
10,11,9,2019-04-11 18:11:49
11,12,12,2019-04-11 18:11:49
12,13,11,2019-04-11 18:11:49
13,14,4,2019-04-11 18:11:49
14,15,9,2019-04-11 18:11:49
15,16,9,2019-04-11 18:11:49
16,17,12,2019-04-11 18:11:49
17,18,2,2019-04-11 18:11:49
18,19,1,2019-04-11 18:11:49
19,20,12,2019-04-11 18:11:49
20,21,1,2019-04-11 18:11:49
21,22,13,2019-04-11 18:11:49
22,23,2,2019-04-11 18:11:49
23,24,11,2019-04-11 18:11:49
24,25,13,2019-04-11 18:11:49
25,26,14,2019-04-11 18:11:49
26,27,15,2019-04-11 18:11:49
27,28,5,2019-04-11 18:11:49
28,29,1,2019-04-11 18:11:49
29,30,11,2019-04-11 18:11:49
30,31,8,2019-04-11 18:11:49
31,32,13,2019-04-11 18:11:49
32,33,7,2019-04-11 18:11:49
33,34,11,2019-04-11 18:11:49
34,35,11,2019-04-11 18:11:49
35,36,2,2019-04-11 18:11:49
36,37,4,2019-04-11 18:11:49
37,38,1,2019-04-11 18:11:49
38,39,14,2019-04-11 18:11:49
39,40,6,2019-04-11 18:11:49
40,41,16,2019-04-11 18:11:49
41,42,15,2019-04-11 18:11:49
42,43,8,2019-04-11 18:11:49
43,44,14,2019-04-11 18:11:49
44,45,13,2019-04-11 18:11:49
45,46,10,2019-04-11 18:11:49
46,47,9,2019-04-11 18:11:49
47,48,3,2019-04-11 18:11:49
48,49,14,2019-04-11 18:11:49
49,50,8,2019-04-11 18:11:49
50,51,12,2019-04-11 18:11:49
51,52,9,2019-04-11 18:11:49
52,53,8,2019-04-11 18:11:49
53,54,12,2019-04-11 18:11:49
54,55,14,2019-04-11 18:11:49
55,56,1,2019-04-11 18:11:49
56,57,16,2019-04-11 18:11:49
57,58,6,2019-04-11 18:11:49
58,59,3,2019-04-11 18:11:49
59,60,4,2019-04-11 18:11:49
60,61,7,2019-04-11 18:11:49
61,62,6,2019-04-11 18:11:49
62,63,8,2019-04-11 18:11:49
63,64,7,2019-04-11 18:11:49
64,65,11,2019-04-11 18:11:49
65,66,3,2019-04-11 18:11:49
66,67,1,2019-04-11 18:11:49
67,68,3,2019-04-11 18:11:49
68,69,14,2019-04-11 18:11:49
69,70,2,2019-04-11 18:11:49
70,71,8,2019-04-11 18:11:49
71,72,6,2019-04-11 18:11:49
72,73,14,2019-04-11 18:11:49
73,74,12,2019-04-11 18:11:49
74,75,16,2019-04-11 18:11:49
75,76,12,2019-04-11 18:11:49
76,77,13,2019-04-11 18:11:49
77,78,2,2019-04-11 18:11:49
78,79,7,2019-04-11 18:11:49
79,80,8,2019-04-11 18:11:49
80,81,14,2019-04-11 18:11:49
81,82,8,2019-04-11 18:11:49
82,83,8,2019-04-11 18:11:49
83,84,16,2019-04-11 18:11:49
84,85,6,2019-04-11 18:11:49
85,86,12,2019-04-11 18:11:49
86,87,16,2019-04-11 18:11:49
87,88,16,2019-04-11 18:11:49
88,89,2,2019-04-11 18:11:49
89,90,13,2019-04-11 18:11:49
90,91,4,2019-04-11 18:11:49
91,92,11,2019-04-11 18:11:49
92,93,13,2019-04-11 18:11:49
93,94,8,2019-04-11 18:11:49
94,95,13,2019-04-11 18:11:49
95,96,13,2019-04-11 18:11:49
96,97,1,2019-04-11 18:11:49
97,98,7,2019-04-11 18:11:49
98,99,5,2019-04-11 18:11:49
99,100,9,2019-04-11 18:11:49
100,101,6,2019-04-11 18:11:49
101,102,15,2019-04-11 18:11:49
102,103,16,2019-04-11 18:11:49
103,104,9,2019-04-11 18:11:49
104,105,1,2019-04-11 18:11:49
105,106,10,2019-04-11 18:11:49
106,107,7,2019-04-11 18:11:49
107,108,13,2019-04-11 18:11:49
108,109,13,2019-04-11 18:11:49
109,110,3,2019-04-11 18:11:49
110,111,1,2019-04-11 18:11:49
111,112,9,2019-04-11 18:11:49
112,113,15,2019-04-11 18:11:49
113,114,14,2019-04-11 18:11:49
114,115,1,2019-04-11 18:11:49
115,116,4,2019-04-11 18:11:49
116,117,10,2019-04-11 18:11:49
117,118,2,2019-04-11 18:11:49
118,119,5,2019-04-11 18:11:49
119,120,15,2019-04-11 18:11:49
120,121,2,2019-04-11 18:11:49
121,122,11,2019-04-11 18:11:49
122,123,16,2019-04-11 18:11:49
123,124,3,2019-04-11 18:11:49
124,125,16,2019-04-11 18:11:49
125,126,1,2019-04-11 18:11:49
126,127,5,2019-04-11 18:11:49
127,128,9,2019-04-11 18:11:49
128,129,6,2019-04-11 18:11:49
129,130,1,2019-04-11 18:11:49
130,131,4,2019-04-11 18:11:49
131,132,14,2019-04-11 18:11:49
132,133,12,2019-04-11 18:11:49
133,134,2,2019-04-11 18:11:49
134,135,15,2019-04-11 18:11:49
135,136,13,2019-04-11 18:11:49
136,137,14,2019-04-11 18:11:49
137,138,14,2019-04-11 18:11:49
138,139,8,2019-04-11 18:11:49
139,140,14,2019-04-11 18:11:49
140,141,10,2019-04-11 18:11:49
141,142,6,2019-04-11 18:11:49
142,143,7,2019-04-11 18:11:49
143,144,13,2019-04-11 18:11:49
144,145,8,2019-04-11 18:11:49
145,146,7,2019-04-11 18:11:49
146,147,8,2019-04-11 18:11:49
147,148,9,2019-04-11 18:11:49
148,149,3,2019-04-11 18:11:49
149,150,6,2019-04-11 18:11:49
150,151,14,2019-04-11 18:11:49
151,152,3,2019-04-11 18:11:49
152,153,14,2019-04-11 18:11:49
153,154,2,2019-04-11 18:11:49
154,155,13,2019-04-11 18:11:49
155,156,6,2019-04-11 18:11:49
156,157,3,2019-04-11 18:11:49
157,158,12,2019-04-11 18:11:49
158,159,5,2019-04-11 18:11:49
159,160,2,2019-04-11 18:11:49
160,161,12,2019-04-11 18:11:49
161,162,1,2019-04-11 18:11:49
162,163,13,2019-04-11 18:11:49
163,164,6,2019-04-11 18:11:49
164,165,14,2019-04-11 18:11:49
165,166,4,2019-04-11 18:11:49
166,167,16,2019-04-11 18:11:49
167,168,3,2019-04-11 18:11:49
168,169,16,2019-04-11 18:11:49
169,170,9,2019-04-11 18:11:49
170,171,11,2019-04-11 18:11:49
171,172,7,2019-04-11 18:11:49
172,173,7,2019-04-11 18:11:49
173,174,12,2019-04-11 18:11:49
174,175,8,2019-04-11 18:11:49
175,176,15,2019-04-11 18:11:49
176,177,14,2019-04-11 18:11:49
177,178,5,2019-04-11 18:11:49
178,179,7,2019-04-11 18:11:49
179,180,4,2019-04-11 18:11:49
180,181,16,2019-04-11 18:11:49
181,182,5,2019-04-11 18:11:49
182,183,8,2019-04-11 18:11:49
183,184,4,2019-04-11 18:11:49
184,185,9,2019-04-11 18:11:49
185,186,7,2019-04-11 18:11:49
186,187,15,2019-04-11 18:11:49
187,188,5,2019-04-11 18:11:49
188,189,10,2019-04-11 18:11:49
189,190,4,2019-04-11 18:11:49
190,191,3,2019-04-11 18:11:49
191,192,9,2019-04-11 18:11:49
192,193,2,2019-04-11 18:11:49
193,194,1,2019-04-11 18:11:49
194,195,14,2019-04-11 18:11:49
195,196,4,2019-04-11 18:11:49
196,197,15,2019-04-11 18:11:49
197,198,9,2019-04-11 18:11:49
198,199,6,2019-04-11 18:11:49
199,200,10,2019-04-11 18:11:49
200,201,9,2019-04-11 18:11:49
201,202,5,2019-04-11 18:11:49
202,203,14,2019-04-11 18:11:49
203,204,7,2019-04-11 18:11:49
204,205,1,2019-04-11 18:11:49
205,206,6,2019-04-11 18:11:49
206,207,9,2019-04-11 18:11:49
207,208,2,2019-04-11 18:11:49
208,209,7,2019-04-11 18:11:49
209,210,1,2019-04-11 18:11:49
210,211,10,2019-04-11 18:11:49
211,212,1,2019-04-11 18:11:49
212,213,8,2019-04-11 18:11:49
213,214,3,2019-04-11 18:11:49
214,215,10,2019-04-11 18:11:49
215,216,13,2019-04-11 18:11:49
216,217,10,2019-04-11 18:11:49
217,218,7,2019-04-11 18:11:49
218,219,6,2019-04-11 18:11:49
219,220,12,2019-04-11 18:11:49
220,221,6,2019-04-11 18:11:49
221,222,11,2019-04-11 18:11:49
222,223,2,2019-04-11 18:11:49
223,224,16,2019-04-11 18:11:49
224,225,7,2019-04-11 18:11:49
225,226,13,2019-04-11 18:11:49
226,227,10,2019-04-11 18:11:49
227,228,4,2019-04-11 18:11:49
228,229,1,2019-04-11 18:11:49
229,230,7,2019-04-11 18:11:49
230,231,8,2019-04-11 18:11:49
231,232,10,2019-04-11 18:11:49
232,233,16,2019-04-11 18:11:49
233,234,14,2019-04-11 18:11:49
234,235,14,2019-04-11 18:11:49
235,236,10,2019-04-11 18:11:49
236,237,15,2019-04-11 18:11:49
237,238,3,2019-04-11 18:11:49
238,239,2,2019-04-11 18:11:49
239,240,14,2019-04-11 18:11:49
240,241,2,2019-04-11 18:11:49
241,242,5,2019-04-11 18:11:49
242,243,2,2019-04-11 18:11:49
243,244,12,2019-04-11 18:11:49
244,245,2,2019-04-11 18:11:49
245,246,9,2019-04-11 18:11:49
246,247,5,2019-04-11 18:11:49
247,248,6,2019-04-11 18:11:49
248,249,4,2019-04-11 18:11:49
249,250,1,2019-04-11 18:11:49
250,251,13,2019-04-11 18:11:49
251,252,1,2019-04-11 18:11:49
252,253,1,2019-04-11 18:11:49
253,254,15,2019-04-11 18:11:49
254,255,12,2019-04-11 18:11:49
255,256,15,2019-04-11 18:11:49
256,257,16,2019-04-11 18:11:49
257,258,11,2019-04-11 18:11:49
258,259,2,2019-04-11 18:11:49
259,260,15,2019-04-11 18:11:49
260,261,6,2019-04-11 18:11:49
261,262,8,2019-04-11 18:11:49
262,263,15,2019-04-11 18:11:49
263,264,10,2019-04-11 18:11:49
264,265,5,2019-04-11 18:11:49
265,266,4,2019-04-11 18:11:49
266,267,13,2019-04-11 18:11:49
267,268,2,2019-04-11 18:11:49
268,269,8,2019-04-11 18:11:49
269,270,13,2019-04-11 18:11:49
270,271,1,2019-04-11 18:11:49
271,272,7,2019-04-11 18:11:49
272,273,8,2019-04-11 18:11:49
273,274,6,2019-04-11 18:11:49
274,275,11,2019-04-11 18:11:49
275,276,5,2019-04-11 18:11:49
276,277,11,2019-04-11 18:11:49
277,278,12,2019-04-11 18:11:49
278,279,15,2019-04-11 18:11:49
279,280,3,2019-04-11 18:11:49
280,281,10,2019-04-11 18:11:49
281,282,7,2019-04-11 18:11:49
282,283,13,2019-04-11 18:11:49
283,284,12,2019-04-11 18:11:49
284,285,14,2019-04-11 18:11:49
285,286,16,2019-04-11 18:11:49
286,287,1,2019-04-11 18:11:49
287,288,16,2019-04-11 18:11:49
288,289,13,2019-04-11 18:11:49
289,290,9,2019-04-11 18:11:49
290,291,15,2019-04-11 18:11:49
291,292,1,2019-04-11 18:11:49
292,293,15,2019-04-11 18:11:49
293,294,16,2019-04-11 18:11:49
294,295,6,2019-04-11 18:11:49
295,296,14,2019-04-11 18:11:49
296,297,4,2019-04-11 18:11:49
297,298,14,2019-04-11 18:11:49
298,299,16,2019-04-11 18:11:49
299,300,2,2019-04-11 18:11:49
300,301,11,2019-04-11 18:11:49
301,302,10,2019-04-11 18:11:49
302,303,1,2019-04-11 18:11:49
303,304,3,2019-04-11 18:11:49
304,305,13,2019-04-11 18:11:49
305,306,10,2019-04-11 18:11:49
306,307,16,2019-04-11 18:11:49
307,308,5,2019-04-11 18:11:49
308,309,8,2019-04-11 18:11:49
309,310,10,2019-04-11 18:11:49
310,311,9,2019-04-11 18:11:49
311,312,14,2019-04-11 18:11:49
312,313,11,2019-04-11 18:11:49
313,314,2,2019-04-11 18:11:49
314,315,8,2019-04-11 18:11:49
315,316,10,2019-04-11 18:11:49
316,317,5,2019-04-11 18:11:49
317,318,1,2019-04-11 18:11:49
318,319,14,2019-04-11 18:11:49
319,320,13,2019-04-11 18:11:49
320,321,13,2019-04-11 18:11:49
321,322,15,2019-04-11 18:11:49
322,323,15,2019-04-11 18:11:49
323,324,5,2019-04-11 18:11:49
324,325,2,2019-04-11 18:11:49
325,326,2,2019-04-11 18:11:49
326,327,1,2019-04-11 18:11:49
327,328,3,2019-04-11 18:11:49
328,329,1,2019-04-11 18:11:49
329,330,2,2019-04-11 18:11:49
330,331,10,2019-04-11 18:11:49
331,332,5,2019-04-11 18:11:49
332,333,12,2019-04-11 18:11:49
333,334,11,2019-04-11 18:11:49
334,335,5,2019-04-11 18:11:49
335,336,6,2019-04-11 18:11:49
336,337,9,2019-04-11 18:11:49
337,338,14,2019-04-11 18:11:49
338,339,16,2019-04-11 18:11:49
339,340,13,2019-04-11 18:11:49
340,341,4,2019-04-11 18:11:49
341,342,16,2019-04-11 18:11:49
342,343,3,2019-04-11 18:11:49
343,344,3,2019-04-11 18:11:49
344,345,8,2019-04-11 18:11:49
345,346,4,2019-04-11 18:11:49
346,347,16,2019-04-11 18:11:49
347,348,8,2019-04-11 18:11:49
348,349,2,2019-04-11 18:11:49
349,350,14,2019-04-11 18:11:49
350,351,11,2019-04-11 18:11:49
351,352,10,2019-04-11 18:11:49
352,353,9,2019-04-11 18:11:49
353,354,3,2019-04-11 18:11:49
354,355,2,2019-04-11 18:11:49
355,356,3,2019-04-11 18:11:49
356,357,4,2019-04-11 18:11:49
357,358,4,2019-04-11 18:11:49
358,359,8,2019-04-11 18:11:49
359,360,1,2019-04-11 18:11:49
360,361,15,2019-04-11 18:11:49
361,362,10,2019-04-11 18:11:49
362,363,12,2019-04-11 18:11:49
363,364,13,2019-04-11 18:11:49
364,365,5,2019-04-11 18:11:49
365,366,7,2019-04-11 18:11:49
366,367,14,2019-04-11 18:11:49
367,368,7,2019-04-11 18:11:49
368,369,14,2019-04-11 18:11:49
369,370,3,2019-04-11 18:11:49
370,371,1,2019-04-11 18:11:49
371,372,15,2019-04-11 18:11:49
372,373,3,2019-04-11 18:11:49
373,374,14,2019-04-11 18:11:49
374,375,1,2019-04-11 18:11:49
375,376,9,2019-04-11 18:11:49
376,377,8,2019-04-11 18:11:49
377,378,12,2019-04-11 18:11:49
378,379,7,2019-04-11 18:11:49
379,380,9,2019-04-11 18:11:49
380,381,10,2019-04-11 18:11:49
381,382,10,2019-04-11 18:11:49
382,383,15,2019-04-11 18:11:49
383,384,12,2019-04-11 18:11:49
384,385,5,2019-04-11 18:11:49
385,386,16,2019-04-11 18:11:49
386,387,10,2019-04-11 18:11:49
387,388,5,2019-04-11 18:11:49
388,389,15,2019-04-11 18:11:49
389,390,14,2019-04-11 18:11:49
390,391,8,2019-04-11 18:11:49
391,392,3,2019-04-11 18:11:49
392,393,6,2019-04-11 18:11:49
393,394,14,2019-04-11 18:11:49
394,395,1,2019-04-11 18:11:49
395,396,7,2019-04-11 18:11:49
396,397,14,2019-04-11 18:11:49
397,398,12,2019-04-11 18:11:49
398,399,9,2019-04-11 18:11:49
399,400,6,2019-04-11 18:11:49
400,401,7,2019-04-11 18:11:49
401,402,2,2019-04-11 18:11:49
402,403,7,2019-04-11 18:11:49
403,404,5,2019-04-11 18:11:49
404,405,16,2019-04-11 18:11:49
405,406,10,2019-04-11 18:11:49
406,407,6,2019-04-11 18:11:49
407,408,10,2019-04-11 18:11:49
408,409,3,2019-04-11 18:11:49
409,410,5,2019-04-11 18:11:49
410,411,12,2019-04-11 18:11:49
411,412,6,2019-04-11 18:11:49
412,413,5,2019-04-11 18:11:49
413,414,9,2019-04-11 18:11:49
414,415,11,2019-04-11 18:11:49
415,416,9,2019-04-11 18:11:49
416,417,1,2019-04-11 18:11:49
417,418,7,2019-04-11 18:11:49
418,419,8,2019-04-11 18:11:49
419,420,15,2019-04-11 18:11:49
420,421,9,2019-04-11 18:11:49
421,422,14,2019-04-11 18:11:49
422,423,3,2019-04-11 18:11:49
423,424,3,2019-04-11 18:11:49
424,425,4,2019-04-11 18:11:49
425,426,12,2019-04-11 18:11:49
426,427,6,2019-04-11 18:11:49
427,428,8,2019-04-11 18:11:49
428,429,15,2019-04-11 18:11:49
429,430,2,2019-04-11 18:11:49
430,431,9,2019-04-11 18:11:49
431,432,4,2019-04-11 18:11:49
432,433,2,2019-04-11 18:11:49
433,434,16,2019-04-11 18:11:49
434,435,9,2019-04-11 18:11:49
435,436,13,2019-04-11 18:11:49
436,437,8,2019-04-11 18:11:49
437,438,10,2019-04-11 18:11:49
438,439,7,2019-04-11 18:11:49
439,440,9,2019-04-11 18:11:49
440,441,6,2019-04-11 18:11:49
441,442,8,2019-04-11 18:11:49
442,443,5,2019-04-11 18:11:49
443,444,5,2019-04-11 18:11:49
444,445,4,2019-04-11 18:11:49
445,446,15,2019-04-11 18:11:49
446,447,10,2019-04-11 18:11:49
447,448,13,2019-04-11 18:11:49
448,449,14,2019-04-11 18:11:49
449,450,3,2019-04-11 18:11:49
450,451,16,2019-04-11 18:11:49
451,452,9,2019-04-11 18:11:49
452,453,15,2019-04-11 18:11:49
453,454,12,2019-04-11 18:11:49
454,455,9,2019-04-11 18:11:49
455,456,2,2019-04-11 18:11:49
456,457,6,2019-04-11 18:11:49
457,458,8,2019-04-11 18:11:49
458,459,9,2019-04-11 18:11:49
459,460,9,2019-04-11 18:11:49
460,461,2,2019-04-11 18:11:49
461,462,12,2019-04-11 18:11:49
462,463,15,2019-04-11 18:11:49
463,464,2,2019-04-11 18:11:49
464,465,13,2019-04-11 18:11:49
465,466,6,2019-04-11 18:11:49
466,467,9,2019-04-11 18:11:49
467,468,3,2019-04-11 18:11:49
468,469,4,2019-04-11 18:11:49
469,470,2,2019-04-11 18:11:49
470,471,4,2019-04-11 18:11:49
471,472,16,2019-04-11 18:11:49
472,473,7,2019-04-11 18:11:49
473,474,15,2019-04-11 18:11:49
474,475,11,2019-04-11 18:11:49
475,476,8,2019-04-11 18:11:49
476,477,12,2019-04-11 18:11:49
477,478,5,2019-04-11 18:11:49
478,479,8,2019-04-11 18:11:49
479,480,4,2019-04-11 18:11:49
480,481,13,2019-04-11 18:11:49
481,482,4,2019-04-11 18:11:49
482,483,10,2019-04-11 18:11:49
483,484,4,2019-04-11 18:11:49
484,485,3,2019-04-11 18:11:49
485,486,9,2019-04-11 18:11:49
486,487,4,2019-04-11 18:11:49
487,488,15,2019-04-11 18:11:49
488,489,2,2019-04-11 18:11:49
489,490,13,2019-04-11 18:11:49
490,491,3,2019-04-11 18:11:49
491,492,13,2019-04-11 18:11:49
492,493,9,2019-04-11 18:11:49
493,494,11,2019-04-11 18:11:49
494,495,11,2019-04-11 18:11:49
495,496,16,2019-04-11 18:11:49
496,497,6,2019-04-11 18:11:49
497,498,8,2019-04-11 18:11:49
498,499,8,2019-04-11 18:11:49
499,500,9,2019-04-11 18:11:49
500,501,1,2019-04-11 18:11:49
501,502,5,2019-04-11 18:11:49
502,503,15,2019-04-11 18:11:49
503,504,7,2019-04-11 18:11:49
504,505,3,2019-04-11 18:11:49
505,506,11,2019-04-11 18:11:49
506,507,10,2019-04-11 18:11:49
507,508,10,2019-04-11 18:11:49
508,509,3,2019-04-11 18:11:49
509,510,2,2019-04-11 18:11:49
510,511,1,2019-04-11 18:11:49
511,512,4,2019-04-11 18:11:49
512,513,16,2019-04-11 18:11:49
513,514,7,2019-04-11 18:11:49
514,515,3,2019-04-11 18:11:49
515,516,12,2019-04-11 18:11:49
516,517,15,2019-04-11 18:11:49
517,518,16,2019-04-11 18:11:49
518,519,15,2019-04-11 18:11:49
519,520,14,2019-04-11 18:11:49
520,521,7,2019-04-11 18:11:49
521,522,5,2019-04-11 18:11:49
522,523,4,2019-04-11 18:11:49
523,524,5,2019-04-11 18:11:49
524,525,4,2019-04-11 18:11:49
525,526,16,2019-04-11 18:11:49
526,527,11,2019-04-11 18:11:49
527,528,8,2019-04-11 18:11:49
528,529,5,2019-04-11 18:11:49
529,530,1,2019-04-11 18:11:49
530,531,9,2019-04-11 18:11:49
531,532,15,2019-04-11 18:11:49
532,533,9,2019-04-11 18:11:49
533,534,8,2019-04-11 18:11:49
534,535,11,2019-04-11 18:11:49
535,536,4,2019-04-11 18:11:49
536,537,4,2019-04-11 18:11:49
537,538,13,2019-04-11 18:11:49
538,539,7,2019-04-11 18:11:49
539,540,12,2019-04-11 18:11:49
540,541,2,2019-04-11 18:11:49
541,542,1,2019-04-11 18:11:49
542,543,16,2019-04-11 18:11:49
543,544,6,2019-04-11 18:11:49
544,545,9,2019-04-11 18:11:49
545,546,10,2019-04-11 18:11:49
546,547,3,2019-04-11 18:11:49
547,548,4,2019-04-11 18:11:49
548,549,1,2019-04-11 18:11:49
549,550,8,2019-04-11 18:11:49
550,551,13,2019-04-11 18:11:49
551,552,6,2019-04-11 18:11:49
552,553,3,2019-04-11 18:11:49
553,554,4,2019-04-11 18:11:49
554,555,5,2019-04-11 18:11:49
555,556,10,2019-04-11 18:11:49
556,557,8,2019-04-11 18:11:49
557,558,13,2019-04-11 18:11:49
558,559,14,2019-04-11 18:11:49
559,560,10,2019-04-11 18:11:49
560,561,13,2019-04-11 18:11:49
561,562,12,2019-04-11 18:11:49
562,563,10,2019-04-11 18:11:49
563,564,2,2019-04-11 18:11:49
564,565,9,2019-04-11 18:11:49
565,566,9,2019-04-11 18:11:49
566,567,9,2019-04-11 18:11:49
567,568,5,2019-04-11 18:11:49
568,569,2,2019-04-11 18:11:49
569,570,15,2019-04-11 18:11:49
570,571,6,2019-04-11 18:11:49
571,572,14,2019-04-11 18:11:49
572,573,3,2019-04-11 18:11:49
573,574,1,2019-04-11 18:11:49
574,575,6,2019-04-11 18:11:49
575,576,6,2019-04-11 18:11:49
576,577,15,2019-04-11 18:11:49
577,578,4,2019-04-11 18:11:49
578,579,1,2019-04-11 18:11:49
579,580,13,2019-04-11 18:11:49
580,581,12,2019-04-11 18:11:49
581,582,2,2019-04-11 18:11:49
582,583,2,2019-04-11 18:11:49
583,584,9,2019-04-11 18:11:49
584,585,7,2019-04-11 18:11:49
585,586,1,2019-04-11 18:11:49
586,587,6,2019-04-11 18:11:49
587,588,3,2019-04-11 18:11:49
588,589,6,2019-04-11 18:11:49
589,590,13,2019-04-11 18:11:49
590,591,10,2019-04-11 18:11:49
591,592,12,2019-04-11 18:11:49
592,593,11,2019-04-11 18:11:49
593,594,1,2019-04-11 18:11:49
594,595,9,2019-04-11 18:11:49
595,596,10,2019-04-11 18:11:49
596,597,10,2019-04-11 18:11:49
597,598,15,2019-04-11 18:11:49
598,599,15,2019-04-11 18:11:49
599,600,11,2019-04-11 18:11:49
600,601,16,2019-04-11 18:11:49
601,602,14,2019-04-11 18:11:49
602,603,8,2019-04-11 18:11:49
603,604,5,2019-04-11 18:11:49
604,605,9,2019-04-11 18:11:49
605,606,15,2019-04-11 18:11:49
606,607,9,2019-04-11 18:11:49
607,608,3,2019-04-11 18:11:49
608,609,16,2019-04-11 18:11:49
609,610,8,2019-04-11 18:11:49
610,611,4,2019-04-11 18:11:49
611,612,15,2019-04-11 18:11:49
612,613,5,2019-04-11 18:11:49
613,614,10,2019-04-11 18:11:49
614,615,2,2019-04-11 18:11:49
615,616,6,2019-04-11 18:11:49
616,617,8,2019-04-11 18:11:49
617,618,7,2019-04-11 18:11:49
618,619,15,2019-04-11 18:11:49
619,620,14,2019-04-11 18:11:49
620,621,8,2019-04-11 18:11:49
621,622,6,2019-04-11 18:11:49
622,623,9,2019-04-11 18:11:49
623,624,10,2019-04-11 18:11:49
624,625,14,2019-04-11 18:11:49
625,626,3,2019-04-11 18:11:49
626,627,6,2019-04-11 18:11:49
627,628,15,2019-04-11 18:11:49
628,629,6,2019-04-11 18:11:49
629,630,7,2019-04-11 18:11:49
630,631,15,2019-04-11 18:11:49
631,632,13,2019-04-11 18:11:49
632,633,4,2019-04-11 18:11:49
633,634,8,2019-04-11 18:11:49
634,635,13,2019-04-11 18:11:49
635,636,12,2019-04-11 18:11:49
636,637,14,2019-04-11 18:11:49
637,638,5,2019-04-11 18:11:49
638,639,8,2019-04-11 18:11:49
639,640,9,2019-04-11 18:11:49
640,641,9,2019-04-11 18:11:49
641,642,16,2019-04-11 18:11:49
642,643,7,2019-04-11 18:11:49
643,644,2,2019-04-11 18:11:49
644,645,16,2019-04-11 18:11:49
645,646,10,2019-04-11 18:11:49
646,647,12,2019-04-11 18:11:49
647,648,16,2019-04-11 18:11:49
648,649,2,2019-04-11 18:11:49
649,650,6,2019-04-11 18:11:49
650,651,2,2019-04-11 18:11:49
651,652,4,2019-04-11 18:11:49
652,653,11,2019-04-11 18:11:49
653,654,10,2019-04-11 18:11:49
654,655,14,2019-04-11 18:11:49
655,656,16,2019-04-11 18:11:49
656,657,5,2019-04-11 18:11:49
657,658,11,2019-04-11 18:11:49
658,659,1,2019-04-11 18:11:49
659,660,5,2019-04-11 18:11:49
660,661,9,2019-04-11 18:11:49
661,662,7,2019-04-11 18:11:49
662,663,4,2019-04-11 18:11:49
663,664,1,2019-04-11 18:11:49
664,665,11,2019-04-11 18:11:49
665,666,7,2019-04-11 18:11:49
666,667,15,2019-04-11 18:11:49
667,668,15,2019-04-11 18:11:49
668,669,9,2019-04-11 18:11:49
669,670,6,2019-04-11 18:11:49
670,671,15,2019-04-11 18:11:49
671,672,5,2019-04-11 18:11:49
672,673,12,2019-04-11 18:11:49
673,674,9,2019-04-11 18:11:49
674,675,13,2019-04-11 18:11:49
675,676,15,2019-04-11 18:11:49
676,677,13,2019-04-11 18:11:49
677,678,15,2019-04-11 18:11:49
678,679,8,2019-04-11 18:11:49
679,680,5,2019-04-11 18:11:49
680,681,15,2019-04-11 18:11:49
681,682,8,2019-04-11 18:11:49
682,683,7,2019-04-11 18:11:49
683,684,10,2019-04-11 18:11:49
684,685,13,2019-04-11 18:11:49
685,686,13,2019-04-11 18:11:49
686,687,6,2019-04-11 18:11:49
687,688,3,2019-04-11 18:11:49
688,689,9,2019-04-11 18:11:49
689,690,2,2019-04-11 18:11:49
690,691,15,2019-04-11 18:11:49
691,692,2,2019-04-11 18:11:49
692,693,2,2019-04-11 18:11:49
693,694,4,2019-04-11 18:11:49
694,695,8,2019-04-11 18:11:49
695,696,2,2019-04-11 18:11:49
696,697,1,2019-04-11 18:11:49
697,698,6,2019-04-11 18:11:49
698,699,10,2019-04-11 18:11:49
699,700,8,2019-04-11 18:11:49
700,701,10,2019-04-11 18:11:49
701,702,11,2019-04-11 18:11:49
702,703,2,2019-04-11 18:11:49
703,704,5,2019-04-11 18:11:49
704,705,9,2019-04-11 18:11:49
705,706,7,2019-04-11 18:11:49
706,707,1,2019-04-11 18:11:49
707,708,6,2019-04-11 18:11:49
708,709,7,2019-04-11 18:11:49
709,710,8,2019-04-11 18:11:49
710,711,14,2019-04-11 18:11:49
711,712,6,2019-04-11 18:11:49
712,713,6,2019-04-11 18:11:49
713,714,14,2019-04-11 18:11:49
714,715,8,2019-04-11 18:11:49
715,716,11,2019-04-11 18:11:49
716,717,1,2019-04-11 18:11:49
717,718,12,2019-04-11 18:11:49
718,719,15,2019-04-11 18:11:49
719,720,13,2019-04-11 18:11:49
720,721,12,2019-04-11 18:11:49
721,722,11,2019-04-11 18:11:49
722,723,14,2019-04-11 18:11:49
723,724,8,2019-04-11 18:11:49
724,725,4,2019-04-11 18:11:49
725,726,9,2019-04-11 18:11:49
726,727,8,2019-04-11 18:11:49
727,728,7,2019-04-11 18:11:49
728,729,15,2019-04-11 18:11:49
729,730,13,2019-04-11 18:11:49
730,731,4,2019-04-11 18:11:49
731,732,1,2019-04-11 18:11:49
732,733,15,2019-04-11 18:11:49
733,734,6,2019-04-11 18:11:49
734,735,3,2019-04-11 18:11:49
735,736,8,2019-04-11 18:11:49
736,737,11,2019-04-11 18:11:49
737,738,9,2019-04-11 18:11:49
738,739,7,2019-04-11 18:11:49
739,740,11,2019-04-11 18:11:49
740,741,12,2019-04-11 18:11:49
741,742,10,2019-04-11 18:11:49
742,743,2,2019-04-11 18:11:49
743,744,4,2019-04-11 18:11:49
744,745,15,2019-04-11 18:11:49
745,746,10,2019-04-11 18:11:49
746,747,10,2019-04-11 18:11:49
747,748,1,2019-04-11 18:11:49
748,749,11,2019-04-11 18:11:49
749,750,13,2019-04-11 18:11:49
750,751,13,2019-04-11 18:11:49
751,752,12,2019-04-11 18:11:49
752,753,8,2019-04-11 18:11:49
753,754,5,2019-04-11 18:11:49
754,755,3,2019-04-11 18:11:49
755,756,5,2019-04-11 18:11:49
756,757,6,2019-04-11 18:11:49
757,758,7,2019-04-11 18:11:49
758,759,13,2019-04-11 18:11:49
759,760,13,2019-04-11 18:11:49
760,761,3,2019-04-11 18:11:49
761,762,10,2019-04-11 18:11:49
762,763,15,2019-04-11 18:11:49
763,764,15,2019-04-11 18:11:49
764,765,5,2019-04-11 18:11:49
765,766,7,2019-04-11 18:11:49
766,767,12,2019-04-11 18:11:49
767,768,3,2019-04-11 18:11:49
768,769,9,2019-04-11 18:11:49
769,770,9,2019-04-11 18:11:49
770,771,7,2019-04-11 18:11:49
771,772,7,2019-04-11 18:11:49
772,773,15,2019-04-11 18:11:49
773,774,5,2019-04-11 18:11:49
774,775,7,2019-04-11 18:11:49
775,776,6,2019-04-11 18:11:49
776,777,15,2019-04-11 18:11:49
777,778,8,2019-04-11 18:11:49
778,779,15,2019-04-11 18:11:49
779,780,8,2019-04-11 18:11:49
780,781,10,2019-04-11 18:11:49
781,782,15,2019-04-11 18:11:49
782,783,16,2019-04-11 18:11:49
783,784,16,2019-04-11 18:11:49
784,785,16,2019-04-11 18:11:49
785,786,3,2019-04-11 18:11:49
786,787,16,2019-04-11 18:11:49
787,788,6,2019-04-11 18:11:49
788,789,9,2019-04-11 18:11:49
789,790,7,2019-04-11 18:11:49
790,791,6,2019-04-11 18:11:49
791,792,9,2019-04-11 18:11:49
792,793,1,2019-04-11 18:11:49
793,794,1,2019-04-11 18:11:49
794,795,8,2019-04-11 18:11:49
795,796,15,2019-04-11 18:11:49
796,797,12,2019-04-11 18:11:49
797,798,14,2019-04-11 18:11:49
798,799,11,2019-04-11 18:11:49
799,800,11,2019-04-11 18:11:49
800,801,3,2019-04-11 18:11:49
801,802,1,2019-04-11 18:11:49
802,803,7,2019-04-11 18:11:49
803,804,11,2019-04-11 18:11:49
804,805,2,2019-04-11 18:11:49
805,806,13,2019-04-11 18:11:49
806,807,10,2019-04-11 18:11:49
807,808,4,2019-04-11 18:11:49
808,809,15,2019-04-11 18:11:49
809,810,8,2019-04-11 18:11:49
810,811,16,2019-04-11 18:11:49
811,812,6,2019-04-11 18:11:49
812,813,15,2019-04-11 18:11:49
813,814,5,2019-04-11 18:11:49
814,815,4,2019-04-11 18:11:49
815,816,2,2019-04-11 18:11:49
816,817,14,2019-04-11 18:11:49
817,818,7,2019-04-11 18:11:49
818,819,12,2019-04-11 18:11:49
819,820,2,2019-04-11 18:11:49
820,821,9,2019-04-11 18:11:49
821,822,8,2019-04-11 18:11:49
822,823,1,2019-04-11 18:11:49
823,824,8,2019-04-11 18:11:49
824,825,1,2019-04-11 18:11:49
825,826,16,2019-04-11 18:11:49
826,827,7,2019-04-11 18:11:49
827,828,4,2019-04-11 18:11:49
828,829,8,2019-04-11 18:11:49
829,830,11,2019-04-11 18:11:49
830,831,14,2019-04-11 18:11:49
831,832,8,2019-04-11 18:11:49
832,833,3,2019-04-11 18:11:49
833,834,6,2019-04-11 18:11:49
834,835,10,2019-04-11 18:11:49
835,836,15,2019-04-11 18:11:49
836,837,5,2019-04-11 18:11:49
837,838,1,2019-04-11 18:11:49
838,839,14,2019-04-11 18:11:49
839,840,10,2019-04-11 18:11:49
840,841,15,2019-04-11 18:11:49
841,842,10,2019-04-11 18:11:49
842,843,4,2019-04-11 18:11:49
843,844,15,2019-04-11 18:11:49
844,845,9,2019-04-11 18:11:49
845,846,13,2019-04-11 18:11:49
846,847,13,2019-04-11 18:11:49
847,848,16,2019-04-11 18:11:49
848,849,2,2019-04-11 18:11:49
849,850,1,2019-04-11 18:11:49
850,851,15,2019-04-11 18:11:49
851,852,3,2019-04-11 18:11:49
852,853,3,2019-04-11 18:11:49
853,854,11,2019-04-11 18:11:49
854,855,6,2019-04-11 18:11:49
855,856,11,2019-04-11 18:11:49
856,857,5,2019-04-11 18:11:49
857,858,5,2019-04-11 18:11:49
858,859,2,2019-04-11 18:11:49
859,860,14,2019-04-11 18:11:49
860,861,10,2019-04-11 18:11:49
861,862,4,2019-04-11 18:11:49
862,863,14,2019-04-11 18:11:49
863,864,3,2019-04-11 18:11:49
864,865,2,2019-04-11 18:11:49
865,866,8,2019-04-11 18:11:49
866,867,8,2019-04-11 18:11:49
867,868,16,2019-04-11 18:11:49
868,869,1,2019-04-11 18:11:49
869,870,11,2019-04-11 18:11:49
870,871,5,2019-04-11 18:11:49
871,872,16,2019-04-11 18:11:49
872,873,3,2019-04-11 18:11:49
873,874,4,2019-04-11 18:11:49
874,875,15,2019-04-11 18:11:49
875,876,11,2019-04-11 18:11:49
876,877,12,2019-04-11 18:11:49
877,878,16,2019-04-11 18:11:49
878,879,12,2019-04-11 18:11:49
879,880,2,2019-04-11 18:11:49
880,881,11,2019-04-11 18:11:49
881,882,7,2019-04-11 18:11:49
882,883,3,2019-04-11 18:11:49
883,884,12,2019-04-11 18:11:49
884,885,11,2019-04-11 18:11:49
885,886,2,2019-04-11 18:11:49
886,887,2,2019-04-11 18:11:49
887,888,6,2019-04-11 18:11:49
888,889,3,2019-04-11 18:11:49
889,890,15,2019-04-11 18:11:49
890,891,4,2019-04-11 18:11:49
891,892,2,2019-04-11 18:11:49
892,893,14,2019-04-11 18:11:49
893,894,16,2019-04-11 18:11:49
894,895,4,2019-04-11 18:11:49
895,896,3,2019-04-11 18:11:49
896,897,7,2019-04-11 18:11:49
897,898,15,2019-04-11 18:11:49
898,899,4,2019-04-11 18:11:49
899,900,9,2019-04-11 18:11:49
900,901,2,2019-04-11 18:11:49
901,902,15,2019-04-11 18:11:49
902,903,16,2019-04-11 18:11:49
903,904,11,2019-04-11 18:11:49
904,905,5,2019-04-11 18:11:49
905,906,5,2019-04-11 18:11:49
906,907,7,2019-04-11 18:11:49
907,908,9,2019-04-11 18:11:49
908,909,11,2019-04-11 18:11:49
909,910,7,2019-04-11 18:11:49
910,911,1,2019-04-11 18:11:49
911,912,14,2019-04-11 18:11:49
912,913,13,2019-04-11 18:11:49
913,914,16,2019-04-11 18:11:49
914,915,1,2019-04-11 18:11:49
915,916,2,2019-04-11 18:11:49
916,917,15,2019-04-11 18:11:49
917,918,3,2019-04-11 18:11:49
918,919,10,2019-04-11 18:11:49
919,920,13,2019-04-11 18:11:49
920,921,12,2019-04-11 18:11:49
921,922,11,2019-04-11 18:11:49
922,923,7,2019-04-11 18:11:49
923,924,14,2019-04-11 18:11:49
924,925,6,2019-04-11 18:11:49
925,926,6,2019-04-11 18:11:49
926,927,1,2019-04-11 18:11:49
927,928,3,2019-04-11 18:11:49
928,929,9,2019-04-11 18:11:49
929,930,14,2019-04-11 18:11:49
930,931,16,2019-04-11 18:11:49
931,932,5,2019-04-11 18:11:49
932,933,13,2019-04-11 18:11:49
933,934,10,2019-04-11 18:11:49
934,935,13,2019-04-11 18:11:49
935,936,12,2019-04-11 18:11:49
936,937,13,2019-04-11 18:11:49
937,938,5,2019-04-11 18:11:49
938,939,5,2019-04-11 18:11:49
939,940,15,2019-04-11 18:11:49
940,941,10,2019-04-11 18:11:49
941,942,7,2019-04-11 18:11:49
942,943,6,2019-04-11 18:11:49
943,944,7,2019-04-11 18:11:49
944,945,6,2019-04-11 18:11:49
945,946,8,2019-04-11 18:11:49
946,947,9,2019-04-11 18:11:49
947,948,13,2019-04-11 18:11:49
948,949,10,2019-04-11 18:11:49
949,950,4,2019-04-11 18:11:49
950,951,4,2019-04-11 18:11:49
951,952,6,2019-04-11 18:11:49
952,953,2,2019-04-11 18:11:49
953,954,13,2019-04-11 18:11:49
954,955,3,2019-04-11 18:11:49
955,956,10,2019-04-11 18:11:49
956,957,9,2019-04-11 18:11:49
957,958,7,2019-04-11 18:11:49
958,959,3,2019-04-11 18:11:49
959,960,6,2019-04-11 18:11:49
960,961,9,2019-04-11 18:11:49
961,962,4,2019-04-11 18:11:49
962,963,2,2019-04-11 18:11:49
963,964,1,2019-04-11 18:11:49
964,965,11,2019-04-11 18:11:49
965,966,6,2019-04-11 18:11:49
966,967,14,2019-04-11 18:11:49
967,968,1,2019-04-11 18:11:49
968,969,7,2019-04-11 18:11:49
969,970,4,2019-04-11 18:11:49
970,971,9,2019-04-11 18:11:49
971,972,14,2019-04-11 18:11:49
972,973,6,2019-04-11 18:11:49
973,974,13,2019-04-11 18:11:49
974,975,8,2019-04-11 18:11:49
975,976,10,2019-04-11 18:11:49
976,977,16,2019-04-11 18:11:49
977,978,5,2019-04-11 18:11:49
978,979,7,2019-04-11 18:11:49
979,980,12,2019-04-11 18:11:49
980,981,16,2019-04-11 18:11:49
981,982,1,2019-04-11 18:11:49
982,983,12,2019-04-11 18:11:49
983,984,9,2019-04-11 18:11:49
984,985,14,2019-04-11 18:11:49
985,986,2,2019-04-11 18:11:49
986,987,12,2019-04-11 18:11:49
987,988,16,2019-04-11 18:11:49
988,989,16,2019-04-11 18:11:49
989,990,11,2019-04-11 18:11:49
990,991,1,2019-04-11 18:11:49
991,992,6,2019-04-11 18:11:49
992,993,3,2019-04-11 18:11:49
993,994,13,2019-04-11 18:11:49
994,995,11,2019-04-11 18:11:49
995,996,6,2019-04-11 18:11:49
996,997,12,2019-04-11 18:11:49
997,998,11,2019-04-11 18:11:49
998,999,3,2019-04-11 18:11:49
999,1000,5,2019-04-11 18:11:49
